date,ad_format,placement,audience,impressions,clicks,conversions,cost,ctr,cpc,cpa
2024-01-01,信息流,底部,18-24岁,1104,21,0,44.62,0.0192,2.12,0
2024-01-01,信息流,底部,25-34岁,1145,24,0,61.11,0.0214,2.55,0
2024-01-01,视频,首页,25-34岁,644,21,0,58.5,0.034,2.79,0
2024-01-01,横幅,首页,18-24岁,717,13,0,31.53,0.0188,2.43,0
2024-01-01,横幅,侧边栏,25-34岁,496,6,0,14.74,0.0126,2.46,0
2024-01-01,视频,首页,45-54岁,910,33,0,98.25,0.037,2.98,0
2024-01-01,信息流,侧边栏,45-54岁,1232,26,0,53.72,0.0217,2.07,0
2024-01-01,横幅,首页,35-44岁,605,10,0,23.27,0.0173,2.33,0
2024-01-01,视频,首页,35-44岁,902,29,0,82.23,0.0331,2.84,0
2024-01-01,横幅,信息流,45-54岁,665,10,0,26.34,0.0158,2.63,0
2024-01-01,信息流,侧边栏,35-44岁,1206,24,0,49.36,0.0203,2.06,0
2024-01-01,图片,侧边栏,25-34岁,879,15,0,44.06,0.0176,2.94,0
2024-01-01,图片,首页,18-24岁,964,23,0,54.08,0.0241,2.35,0
2024-01-01,视频,底部,35-44岁,892,20,0,46.48,0.0231,2.32,0
2024-01-01,图片,底部,35-44岁,958,15,0,42.48,0.0162,2.83,0
2024-01-01,图片,底部,18-24岁,1195,18,0,37.27,0.0158,2.07,0
2024-01-01,原生,底部,45-54岁,929,16,0,33.75,0.0176,2.11,0
2024-01-01,横幅,首页,35-44岁,528,10,0,27.32,0.0196,2.73,0
2024-01-01,横幅,底部,25-34岁,681,8,0,23.34,0.0118,2.92,0
2024-01-01,信息流,侧边栏,18-24岁,1065,25,0,70.76,0.0242,2.83,0
2024-01-01,原生,首页,18-24岁,795,22,0,55.44,0.0279,2.52,0
2024-01-01,信息流,首页,18-24岁,1131,34,0,82.97,0.0303,2.44,0
2024-01-01,图片,侧边栏,45-54岁,1170,20,0,44.44,0.0178,2.22,0
2024-01-01,横幅,信息流,55岁以上,592,8,0,18.26,0.015,2.28,0
2024-01-02,横幅,底部,25-34岁,597,6,0,13.68,0.0117,2.28,0
2024-01-02,信息流,信息流,18-24岁,1230,30,0,79.35,0.0248,2.65,0
2024-01-02,原生,侧边栏,45-54岁,894,18,0,40.79,0.0208,2.27,0
2024-01-02,横幅,信息流,35-44岁,670,10,0,28.98,0.0163,2.9,0
2024-01-02,原生,首页,55岁以上,820,22,0,52.11,0.0275,2.37,0
2024-01-02,原生,开屏,35-44岁,1049,28,0,79.07,0.027,2.82,0
2024-01-02,原生,侧边栏,45-54岁,859,18,0,44.99,0.021,2.5,0
2024-01-02,视频,侧边栏,18-24岁,931,24,0,54.99,0.0264,2.29,0
2024-01-02,视频,开屏,25-34岁,935,39,0,114.77,0.042,2.94,0
2024-01-02,横幅,首页,55岁以上,500,9,0,23.77,0.0194,2.64,0
2024-01-02,信息流,开屏,18-24岁,1144,34,0,85.99,0.0302,2.53,0
2024-01-02,原生,首页,45-54岁,751,18,0,50.16,0.0245,2.79,0
2024-01-02,原生,底部,55岁以上,1071,17,0,45.46,0.0159,2.67,0
2024-01-02,视频,开屏,55岁以上,915,36,0,91.89,0.0404,2.55,0
2024-01-02,横幅,底部,18-24岁,658,8,0,18.76,0.0122,2.34,0
2024-01-02,图片,首页,35-44岁,1021,23,0,62.57,0.0234,2.72,0
2024-01-02,信息流,侧边栏,55岁以上,1180,27,0,65.79,0.0234,2.44,0
2024-01-02,视频,底部,45-54岁,795,20,0,58.11,0.0264,2.91,0
2024-01-02,信息流,侧边栏,25-34岁,1358,32,0,66.71,0.024,2.08,0
2024-01-02,原生,开屏,55岁以上,892,26,0,67.41,0.0297,2.59,0
2024-01-02,信息流,信息流,18-24岁,1165,35,0,71.98,0.0302,2.06,0
2024-01-02,横幅,开屏,45-54岁,622,12,0,29.68,0.0203,2.47,0
2024-01-02,横幅,信息流,18-24岁,662,11,0,23.68,0.0179,2.15,0
2024-01-02,视频,开屏,55岁以上,858,35,0,76.21,0.0415,2.18,0
2024-01-02,视频,信息流,35-44岁,699,23,0,50.46,0.034,2.19,0
2024-01-02,图片,首页,55岁以上,918,22,0,47.12,0.0241,2.14,0
2024-01-02,原生,信息流,45-54岁,931,24,0,51.64,0.0259,2.15,0
2024-01-02,信息流,侧边栏,55岁以上,1061,24,0,61.17,0.0227,2.55,0
2024-01-02,原生,首页,55岁以上,928,25,0,50.92,0.0278,2.04,0
2024-01-02,原生,信息流,18-24岁,839,20,0,46.82,0.0248,2.34,0
2024-01-02,横幅,侧边栏,55岁以上,532,7,0,19.95,0.0142,2.85,0
2024-01-02,视频,底部,55岁以上,902,22,0,65.1,0.0245,2.96,0
2024-01-02,信息流,侧边栏,55岁以上,1251,26,0,68.8,0.0211,2.65,0
2024-01-02,视频,底部,25-34岁,813,17,0,46.86,0.0219,2.76,0
2024-01-03,视频,首页,35-44岁,938,33,0,83.92,0.0361,2.54,0
2024-01-03,原生,底部,45-54岁,1029,19,0,40.29,0.0186,2.12,0
2024-01-03,视频,侧边栏,25-34岁,820,20,0,53.9,0.025,2.7,0
2024-01-03,原生,信息流,35-44岁,1061,28,0,78.32,0.0266,2.8,0
2024-01-03,视频,信息流,35-44岁,879,31,0,89.19,0.0358,2.88,0
2024-01-03,原生,侧边栏,18-24岁,779,16,0,38.49,0.0215,2.41,0
2024-01-03,信息流,首页,45-54岁,1274,35,0,79.45,0.0278,2.27,0
2024-01-03,横幅,底部,55岁以上,629,7,0,14.76,0.0122,2.11,0
2024-01-03,图片,底部,18-24岁,1081,17,0,48.19,0.0161,2.83,0
2024-01-03,视频,侧边栏,35-44岁,922,25,0,51.67,0.0272,2.07,0
2024-01-03,图片,开屏,55岁以上,957,25,0,55.25,0.0262,2.21,0
2024-01-03,信息流,信息流,18-24岁,1145,31,0,90.25,0.0277,2.91,0
2024-01-03,视频,开屏,55岁以上,746,26,0,54.59,0.0359,2.1,0
2024-01-03,原生,底部,18-24岁,1047,19,0,53.73,0.0185,2.83,0
2024-01-03,信息流,底部,45-54岁,1184,25,0,63.71,0.0215,2.55,0
2024-01-03,原生,底部,45-54岁,963,17,0,49.82,0.0181,2.93,0
2024-01-03,原生,底部,25-34岁,743,12,0,31.44,0.0162,2.62,0
2024-01-03,信息流,首页,25-34岁,1085,32,0,72.14,0.0297,2.25,0
2024-01-03,原生,侧边栏,25-34岁,973,20,0,50.93,0.0215,2.55,0
2024-01-03,原生,信息流,45-54岁,909,22,0,52.06,0.0252,2.37,0
2024-01-03,视频,侧边栏,35-44岁,689,19,0,52.05,0.0282,2.74,0
2024-01-03,原生,底部,55岁以上,897,16,0,43.75,0.0179,2.73,0
2024-01-03,信息流,首页,18-24岁,1185,37,0,85.14,0.032,2.3,0
2024-01-03,图片,底部,55岁以上,1025,14,0,32.4,0.0145,2.31,0
2024-01-03,横幅,开屏,18-24岁,537,9,0,22.02,0.0178,2.45,0
2024-01-03,信息流,信息流,45-54岁,1382,36,0,106.03,0.0265,2.95,0
2024-01-03,信息流,首页,55岁以上,1074,33,0,70.37,0.031,2.13,0
2024-01-03,横幅,侧边栏,18-24岁,701,8,0,22.51,0.0122,2.81,0
2024-01-04,信息流,首页,45-54岁,1025,32,0,80.17,0.0319,2.51,0
2024-01-04,原生,首页,45-54岁,968,25,0,51.22,0.0261,2.05,0
2024-01-04,图片,底部,25-34岁,1048,17,0,48.11,0.0169,2.83,0
2024-01-04,原生,首页,55岁以上,889,25,0,50.75,0.0286,2.03,0
2024-01-04,信息流,首页,25-34岁,1369,42,0,96.53,0.031,2.3,0
2024-01-04,原生,侧边栏,25-34岁,1002,19,0,55.01,0.0197,2.9,0
2024-01-04,信息流,开屏,18-24岁,1331,39,0,94.13,0.0297,2.41,0
2024-01-04,视频,信息流,35-44岁,819,27,0,71.74,0.0338,2.66,0
2024-01-04,视频,底部,45-54岁,767,17,0,41.84,0.0231,2.46,0
2024-01-04,信息流,底部,55岁以上,1137,24,0,51.22,0.0217,2.13,0
2024-01-04,信息流,信息流,45-54岁,1005,29,0,75.39,0.0289,2.6,0
2024-01-04,原生,底部,55岁以上,734,11,0,32.39,0.0161,2.94,0
2024-01-04,图片,信息流,35-44岁,1086,21,0,42.11,0.0202,2.01,0
2024-01-04,横幅,信息流,45-54岁,527,9,0,19.12,0.0174,2.12,0
2024-01-04,视频,开屏,45-54岁,776,30,0,82.8,0.0388,2.76,0
2024-01-04,图片,开屏,25-34岁,921,22,0,48.96,0.0242,2.23,0
2024-01-04,图片,底部,18-24岁,921,14,0,30.23,0.0156,2.16,0
2024-01-04,信息流,侧边栏,25-34岁,1426,33,0,75.24,0.0236,2.28,0
2024-01-04,视频,开屏,35-44岁,714,30,0,77.32,0.0422,2.58,0
2024-01-04,原生,侧边栏,55岁以上,909,19,0,41.72,0.0209,2.2,0
2024-01-04,横幅,信息流,18-24岁,713,12,0,34.3,0.0174,2.86,0
2024-01-04,信息流,信息流,55岁以上,1155,31,0,69.25,0.0274,2.23,0
2024-01-04,横幅,底部,55岁以上,540,6,0,17.05,0.0124,2.84,0
2024-01-04,信息流,底部,18-24岁,1269,27,0,70.04,0.0219,2.59,0
2024-01-04,原生,开屏,55岁以上,745,22,0,63.08,0.0308,2.87,0
2024-01-04,原生,开屏,45-54岁,957,24,0,57.87,0.0258,2.41,0
2024-01-04,原生,首页,25-34岁,1070,27,0,65.84,0.0252,2.44,0
2024-01-04,横幅,信息流,25-34岁,583,9,0,21.94,0.0163,2.44,0
2024-01-04,视频,首页,45-54岁,929,30,0,62.58,0.0328,2.09,0
2024-01-04,原生,信息流,45-54岁,970,23,0,50.77,0.0244,2.21,0
2024-01-04,原生,信息流,55岁以上,893,21,0,45.72,0.0242,2.18,0
2024-01-04,横幅,底部,18-24岁,583,7,0,15.76,0.0124,2.25,0
2024-01-04,信息流,信息流,18-24岁,1354,36,0,94.66,0.027,2.63,0
2024-01-04,视频,侧边栏,55岁以上,943,23,0,58.84,0.0248,2.56,0
2024-01-04,原生,侧边栏,35-44岁,917,19,0,42.49,0.0216,2.24,0
2024-01-04,横幅,首页,35-44岁,667,10,0,29.31,0.0163,2.93,0
2024-01-04,信息流,首页,18-24岁,1240,37,0,79.83,0.03,2.16,0
2024-01-04,视频,信息流,25-34岁,903,32,0,66.47,0.0361,2.08,0
2024-01-04,横幅,信息流,18-24岁,717,11,0,23.88,0.0162,2.17,0
2024-01-04,视频,开屏,18-24岁,689,24,0,61.68,0.0359,2.57,0
2024-01-05,信息流,开屏,25-34岁,1197,40,0,116.6,0.034,2.92,0
2024-01-05,信息流,信息流,25-34岁,987,24,0,58.88,0.0252,2.45,0
2024-01-05,信息流,底部,18-24岁,1143,24,0,59.2,0.0216,2.47,0
2024-01-05,图片,底部,45-54岁,1180,18,0,43.25,0.0158,2.4,0
2024-01-05,原生,信息流,18-24岁,933,22,0,62.08,0.024,2.82,0
2024-01-05,图片,首页,45-54岁,937,23,0,64.81,0.0251,2.82,0
2024-01-05,信息流,侧边栏,45-54岁,1293,31,0,72.27,0.0247,2.33,0
2024-01-05,原生,侧边栏,55岁以上,765,15,0,37.22,0.0198,2.48,0
2024-01-05,原生,信息流,25-34岁,890,20,0,52.78,0.0234,2.64,0
2024-01-05,横幅,信息流,55岁以上,703,11,0,28.59,0.0165,2.6,0
2024-01-05,图片,首页,45-54岁,1037,25,0,55.07,0.0246,2.2,0
2024-01-05,横幅,侧边栏,35-44岁,663,8,0,17.02,0.0129,2.13,0
2024-01-05,信息流,侧边栏,45-54岁,1053,25,0,71.54,0.0244,2.86,0
2024-01-05,图片,侧边栏,35-44岁,844,14,0,30.86,0.0167,2.2,0
2024-01-05,原生,首页,18-24岁,1075,28,0,61.04,0.0263,2.18,0
2024-01-05,横幅,底部,18-24岁,575,7,0,15.65,0.0128,2.24,0
2024-01-05,横幅,开屏,45-54岁,663,12,0,32.16,0.0186,2.68,0
2024-01-05,图片,侧边栏,45-54岁,966,17,0,36.44,0.0179,2.14,0
2024-01-05,信息流,开屏,45-54岁,1235,41,0,86.72,0.0339,2.12,0
2024-01-05,信息流,信息流,25-34岁,1018,30,0,72.41,0.0295,2.41,0
2024-01-05,视频,侧边栏,18-24岁,767,20,0,48.65,0.0263,2.43,0
2024-01-05,横幅,首页,25-34岁,492,9,0,19.13,0.0198,2.13,0
2024-01-05,图片,侧边栏,35-44岁,1038,19,0,46.34,0.0192,2.44,0
2024-01-05,横幅,底部,18-24岁,702,8,0,20.31,0.0119,2.54,0
2024-01-05,图片,信息流,55岁以上,1057,22,0,53.89,0.021,2.45,0
2024-01-05,原生,开屏,25-34岁,1027,31,0,74.38,0.0311,2.4,0
2024-01-05,视频,信息流,45-54岁,719,23,0,61.04,0.0323,2.65,0
2024-01-05,图片,底部,35-44岁,989,15,0,43.92,0.016,2.93,0
2024-01-05,视频,信息流,55岁以上,758,26,0,72.0,0.0346,2.77,0
2024-01-05,图片,开屏,45-54岁,859,20,0,54.96,0.0243,2.75,0
2024-01-05,横幅,信息流,35-44岁,659,11,0,22.12,0.0177,2.01,0
2024-01-06,原生,底部,18-24岁,755,12,0,31.26,0.0167,2.61,0
2024-01-06,图片,信息流,45-54岁,1009,23,0,51.1,0.0229,2.22,0
2024-01-06,信息流,开屏,55岁以上,1388,46,0,122.07,0.0338,2.65,0
2024-01-06,信息流,开屏,55岁以上,1120,38,0,101.57,0.0346,2.67,0
2024-01-06,原生,侧边栏,35-44岁,798,15,0,37.76,0.0189,2.52,0
2024-01-06,信息流,侧边栏,55岁以上,966,23,0,48.45,0.0246,2.11,0
2024-01-06,原生,信息流,18-24岁,1071,25,0,65.08,0.0237,2.6,0
2024-01-06,视频,底部,55岁以上,751,16,0,43.66,0.0224,2.73,0
2024-01-06,视频,底部,25-34岁,740,18,0,46.9,0.0247,2.61,0
2024-01-06,图片,首页,55岁以上,1088,27,0,54.4,0.0253,2.01,0
2024-01-06,信息流,底部,55岁以上,990,18,0,45.64,0.0182,2.54,0
2024-01-06,原生,首页,45-54岁,1055,27,0,61.73,0.0259,2.29,0
2024-01-06,视频,底部,25-34岁,907,22,0,56.39,0.0252,2.56,0
2024-01-06,横幅,信息流,45-54岁,630,9,0,20.96,0.0157,2.33,0
2024-01-06,原生,底部,18-24岁,876,13,0,26.17,0.0159,2.01,0
2024-01-06,原生,信息流,18-24岁,761,16,0,34.97,0.0222,2.19,0
2024-01-06,信息流,开屏,18-24岁,1246,42,0,84.52,0.0343,2.01,0
2024-01-06,图片,信息流,45-54岁,946,19,0,50.45,0.0206,2.66,0
2024-01-06,原生,底部,45-54岁,969,18,0,38.28,0.0186,2.13,0
2024-01-06,图片,侧边栏,55岁以上,965,18,0,49.46,0.0194,2.75,0
2024-01-06,原生,信息流,18-24岁,852,19,0,52.05,0.0232,2.74,0
2024-01-06,横幅,开屏,18-24岁,671,14,0,32.76,0.0211,2.34,0
2024-01-06,原生,开屏,35-44岁,1050,27,0,59.34,0.0262,2.2,0
2024-01-06,原生,开屏,55岁以上,774,20,0,58.42,0.0262,2.92,0
2024-01-06,原生,首页,25-34岁,1000,28,0,59.79,0.0287,2.14,0
2024-01-06,信息流,信息流,25-34岁,1217,30,0,89.86,0.0251,3.0,0
2024-01-06,图片,首页,18-24岁,1094,25,0,51.76,0.0232,2.07,0
2024-01-06,信息流,首页,55岁以上,1384,42,0,120.26,0.0309,2.86,0
2024-01-06,图片,首页,25-34岁,990,22,0,58.96,0.0222,2.68,0
2024-01-06,图片,侧边栏,45-54岁,903,16,0,46.03,0.0179,2.88,0
2024-01-06,信息流,信息流,25-34岁,1161,32,0,71.97,0.0283,2.25,0
2024-01-06,横幅,开屏,35-44岁,499,10,0,23.04,0.0205,2.3,0
2024-01-06,横幅,首页,18-24岁,556,10,0,26.98,0.019,2.7,0
2024-01-06,图片,首页,18-24岁,1046,24,0,66.04,0.0236,2.75,0
2024-01-06,横幅,底部,35-44岁,534,6,0,14.87,0.0117,2.48,0
2024-01-06,信息流,开屏,35-44岁,998,32,0,84.73,0.0322,2.65,0
2024-01-06,原生,首页,18-24岁,1045,28,0,83.36,0.0272,2.98,0
2024-01-06,信息流,底部,35-44岁,1390,29,0,82.46,0.0213,2.84,0
2024-01-06,视频,底部,55岁以上,956,24,0,54.23,0.0261,2.26,0
2024-01-06,图片,首页,25-34岁,1050,26,0,53.65,0.0254,2.06,0
2024-01-06,原生,首页,18-24岁,793,22,0,51.91,0.028,2.36,0
2024-01-06,图片,首页,45-54岁,925,23,0,48.93,0.0257,2.13,0
2024-01-06,信息流,底部,45-54岁,1044,19,0,56.46,0.0185,2.97,0
2024-01-07,信息流,侧边栏,25-34岁,978,23,0,65.12,0.0244,2.83,0
2024-01-07,视频,侧边栏,35-44岁,810,23,0,63.57,0.0286,2.76,0
2024-01-07,横幅,底部,25-34岁,704,7,0,16.54,0.0112,2.36,0
2024-01-07,原生,首页,18-24岁,839,20,0,59.93,0.025,3.0,0
2024-01-07,横幅,侧边栏,35-44岁,658,8,0,17.34,0.0128,2.17,0
2024-01-07,图片,侧边栏,25-34岁,937,15,0,30.78,0.0162,2.05,0
2024-01-07,横幅,首页,55岁以上,586,9,0,21.64,0.0164,2.4,0
2024-01-07,图片,侧边栏,35-44岁,1018,20,0,41.74,0.0197,2.09,0
2024-01-07,视频,开屏,25-34岁,764,29,0,78.2,0.038,2.7,0
2024-01-07,图片,底部,25-34岁,1155,17,0,50.01,0.0149,2.94,0
2024-01-07,图片,信息流,35-44岁,862,18,0,40.5,0.021,2.25,0
2024-01-07,原生,开屏,25-34岁,810,21,0,55.25,0.0263,2.63,0
2024-01-07,信息流,底部,35-44岁,1361,26,0,59.82,0.0197,2.3,0
2024-01-07,图片,侧边栏,18-24岁,1157,19,0,50.58,0.0169,2.66,0
2024-01-07,视频,开屏,35-44岁,659,25,0,59.28,0.0391,2.37,0
2024-01-07,视频,底部,25-34岁,724,15,0,38.81,0.0221,2.59,0
2024-01-07,原生,侧边栏,25-34岁,1031,20,0,42.83,0.0198,2.14,0
2024-01-07,图片,首页,45-54岁,1071,28,0,75.02,0.0263,2.68,0
2024-01-07,原生,开屏,25-34岁,807,23,0,60.67,0.0296,2.64,0
2024-01-07,图片,底部,25-34岁,836,14,0,34.66,0.0176,2.48,0
2024-01-07,原生,首页,25-34岁,796,22,0,54.46,0.0283,2.48,0
2024-01-07,信息流,开屏,25-34岁,1234,37,0,102.36,0.0303,2.77,0
2024-01-07,图片,开屏,45-54岁,1037,24,0,69.2,0.0237,2.88,0
2024-01-07,原生,首页,55岁以上,757,20,0,58.22,0.0271,2.91,0
2024-01-07,原生,底部,45-54岁,882,14,0,34.47,0.0167,2.46,0
2024-01-07,视频,首页,18-24岁,649,21,0,58.3,0.0333,2.78,0
2024-01-07,横幅,信息流,35-44岁,496,7,0,14.16,0.015,2.02,0
2024-01-07,图片,首页,35-44岁,815,18,0,41.93,0.0226,2.33,0
2024-01-07,视频,信息流,55岁以上,768,23,0,63.15,0.0302,2.75,0
2024-01-07,图片,侧边栏,45-54岁,1061,20,0,44.2,0.0194,2.21,0
2024-01-07,信息流,开屏,55岁以上,1425,44,0,124.35,0.0314,2.83,0
2024-01-07,视频,首页,25-34岁,777,28,0,58.89,0.0364,2.1,0
2024-01-07,图片,底部,35-44岁,981,16,0,36.12,0.0168,2.26,0
2024-01-07,信息流,开屏,18-24岁,1340,43,0,103.78,0.0327,2.41,0
2024-01-07,图片,侧边栏,35-44岁,1032,19,0,53.49,0.0188,2.82,0
2024-01-08,图片,首页,45-54岁,1102,24,0,67.03,0.0218,2.79,0
2024-01-08,视频,首页,18-24岁,833,28,0,67.1,0.0336,2.4,0
2024-01-08,原生,侧边栏,45-54岁,994,20,0,40.81,0.0206,2.04,0
2024-01-08,视频,信息流,55岁以上,883,31,0,62.22,0.0354,2.01,0
2024-01-08,视频,信息流,45-54岁,729,25,0,56.82,0.0344,2.27,0
2024-01-08,信息流,首页,25-34岁,1167,35,0,94.91,0.0305,2.71,0
2024-01-08,视频,侧边栏,55岁以上,860,24,0,58.28,0.0289,2.43,0
2024-01-08,图片,首页,45-54岁,1053,23,0,62.72,0.022,2.73,0
2024-01-08,信息流,信息流,45-54岁,1194,33,0,83.96,0.0284,2.54,0
2024-01-08,信息流,底部,45-54岁,1256,26,0,59.73,0.0213,2.3,0
2024-01-08,图片,开屏,55岁以上,1005,24,0,55.64,0.0245,2.32,0
2024-01-08,图片,开屏,25-34岁,908,24,0,52.89,0.0265,2.2,0
2024-01-08,图片,信息流,45-54岁,1111,24,0,60.09,0.0221,2.5,0
2024-01-08,横幅,开屏,55岁以上,695,13,0,34.75,0.0193,2.67,0
2024-01-08,横幅,开屏,25-34岁,660,13,0,37.67,0.0205,2.9,0
2024-01-08,视频,开屏,45-54岁,772,29,0,76.49,0.0377,2.64,0
2024-01-08,视频,底部,45-54岁,795,17,0,38.12,0.0219,2.24,0
2024-01-08,横幅,信息流,55岁以上,709,10,0,25.3,0.0153,2.53,0
2024-01-08,横幅,开屏,35-44岁,653,11,0,24.7,0.0181,2.25,0
2024-01-08,图片,开屏,55岁以上,880,23,0,65.65,0.0262,2.85,0
2024-01-08,信息流,信息流,55岁以上,1423,37,0,88.52,0.0265,2.39,0
2024-01-08,信息流,底部,35-44岁,1105,22,0,47.13,0.0199,2.14,0
2024-01-08,信息流,信息流,45-54岁,1316,39,0,115.98,0.0297,2.97,0
2024-01-08,原生,信息流,18-24岁,838,18,0,50.01,0.0222,2.78,0
2024-01-08,视频,信息流,35-44岁,870,28,0,61.9,0.0329,2.21,0
2024-01-08,原生,底部,18-24岁,1033,17,0,43.62,0.0173,2.57,0
2024-01-08,原生,首页,25-34岁,792,20,0,47.81,0.0253,2.39,0
2024-01-08,信息流,信息流,45-54岁,1313,39,0,101.54,0.0298,2.6,0
2024-01-08,横幅,信息流,55岁以上,712,12,0,35.63,0.0175,2.97,0
2024-01-08,视频,首页,45-54岁,759,29,0,68.6,0.0395,2.37,0
2024-01-08,视频,首页,25-34岁,915,34,0,83.21,0.0374,2.45,0
2024-01-08,信息流,底部,55岁以上,1252,23,0,47.7,0.0184,2.07,0
2024-01-08,图片,首页,45-54岁,919,23,0,68.61,0.0251,2.98,0
2024-01-08,原生,底部,35-44岁,760,13,0,38.4,0.0174,2.95,0
2024-01-08,原生,侧边栏,45-54岁,812,15,0,30.7,0.0192,2.05,0
2024-01-09,视频,信息流,18-24岁,903,32,0,81.41,0.0355,2.54,0
2024-01-09,视频,信息流,55岁以上,703,22,0,56.35,0.0323,2.56,0
2024-01-09,信息流,信息流,25-34岁,1302,37,0,83.48,0.0286,2.26,0
2024-01-09,横幅,首页,35-44岁,717,14,0,36.63,0.0195,2.62,0
2024-01-09,视频,首页,45-54岁,689,22,0,62.35,0.0334,2.83,0
2024-01-09,信息流,侧边栏,55岁以上,1165,26,0,75.85,0.0228,2.92,0
2024-01-09,信息流,底部,35-44岁,1316,26,0,58.19,0.0204,2.24,0
2024-01-09,视频,信息流,45-54岁,856,30,0,69.03,0.0357,2.3,0
2024-01-09,原生,底部,25-34岁,759,14,0,33.02,0.0189,2.36,0
2024-01-09,信息流,侧边栏,45-54岁,1331,32,0,87.37,0.0243,2.73,0
2024-01-09,图片,开屏,45-54岁,940,24,0,53.95,0.0256,2.25,0
2024-01-09,原生,底部,35-44岁,1028,16,0,34.79,0.0159,2.17,0
2024-01-09,视频,信息流,55岁以上,864,29,0,78.34,0.0346,2.7,0
2024-01-09,视频,首页,35-44岁,743,24,0,70.85,0.0328,2.95,0
2024-01-09,信息流,信息流,55岁以上,1308,37,0,78.86,0.0288,2.13,0
2024-01-09,原生,信息流,45-54岁,923,22,0,50.78,0.0245,2.31,0
2024-01-09,原生,侧边栏,55岁以上,935,18,0,46.15,0.0203,2.56,0
2024-01-09,视频,信息流,55岁以上,875,26,0,77.34,0.03,2.97,0
2024-01-09,横幅,底部,45-54岁,587,7,0,14.56,0.013,2.08,0
2024-01-09,横幅,开屏,18-24岁,503,9,0,23.14,0.0184,2.57,0
2024-01-09,原生,底部,35-44岁,859,15,0,37.65,0.0181,2.51,0
2024-01-09,信息流,开屏,25-34岁,1414,49,0,108.89,0.0351,2.22,0
2024-01-09,图片,首页,25-34岁,834,18,0,47.88,0.0225,2.66,0
2024-01-09,原生,底部,18-24岁,837,14,0,30.92,0.0169,2.21,0
2024-01-10,视频,侧边栏,55岁以上,733,19,0,38.53,0.0264,2.03,0
2024-01-10,信息流,开屏,45-54岁,1157,40,0,81.5,0.0353,2.04,0
2024-01-10,横幅,首页,45-54岁,697,12,0,31.79,0.0184,2.65,0
2024-01-10,信息流,底部,18-24岁,1265,25,0,69.29,0.0201,2.77,0
2024-01-10,横幅,首页,25-34岁,676,13,0,31.39,0.0194,2.41,0
2024-01-10,信息流,开屏,25-34岁,1042,32,0,81.3,0.0313,2.54,0
2024-01-10,原生,底部,25-34岁,988,18,0,36.62,0.0188,2.03,0
2024-01-10,视频,底部,25-34岁,672,16,0,32.63,0.0242,2.04,0
2024-01-10,图片,侧边栏,35-44岁,1049,19,0,45.24,0.0183,2.38,0
2024-01-10,信息流,信息流,25-34岁,1131,28,0,73.81,0.025,2.64,0
2024-01-10,原生,侧边栏,25-34岁,1037,19,0,55.59,0.0188,2.93,0
2024-01-10,视频,首页,35-44岁,774,25,0,65.57,0.0331,2.62,0
2024-01-10,横幅,首页,55岁以上,489,8,0,23.53,0.0181,2.94,0
2024-01-10,图片,侧边栏,35-44岁,916,17,0,40.03,0.0191,2.35,0
2024-01-10,信息流,侧边栏,25-34岁,1249,26,0,55.34,0.0212,2.13,0
2024-01-10,信息流,侧边栏,35-44岁,1379,28,0,83.71,0.0205,2.99,0
2024-01-10,原生,信息流,45-54岁,934,22,0,54.71,0.0246,2.49,0
2024-01-10,横幅,首页,18-24岁,540,9,0,19.21,0.018,2.13,0
2024-01-10,横幅,开屏,45-54岁,485,9,0,24.06,0.0205,2.67,0
2024-01-10,原生,底部,18-24岁,891,15,0,40.3,0.0171,2.69,0
2024-01-10,横幅,首页,45-54岁,625,10,0,25.69,0.0171,2.57,0
2024-01-10,信息流,开屏,55岁以上,1006,29,0,80.26,0.0297,2.77,0
2024-01-10,原生,信息流,45-54岁,960,23,0,56.99,0.0243,2.48,0
2024-01-10,横幅,底部,35-44岁,570,7,0,15.42,0.0128,2.2,0
2024-01-10,视频,侧边栏,45-54岁,854,23,0,62.09,0.0273,2.7,0
2024-01-10,原生,信息流,18-24岁,788,17,0,41.99,0.022,2.47,0
2024-01-10,视频,底部,18-24岁,671,17,0,50.18,0.0263,2.95,0
2024-01-10,视频,底部,18-24岁,927,20,0,41.67,0.0217,2.08,0
2024-01-10,横幅,底部,25-34岁,481,6,0,13.99,0.0126,2.33,0
2024-01-10,横幅,信息流,45-54岁,675,10,0,27.27,0.0152,2.73,0
2024-01-10,横幅,首页,18-24岁,710,14,0,41.97,0.0198,3.0,0
2024-01-10,信息流,首页,45-54岁,1078,33,0,93.22,0.0308,2.82,0
2024-01-10,图片,底部,25-34岁,872,13,0,31.51,0.0156,2.42,0
2024-01-10,信息流,底部,35-44岁,1358,26,0,66.65,0.0193,2.56,0
2024-01-10,信息流,开屏,25-34岁,1335,43,0,125.19,0.0327,2.91,0
2024-01-10,信息流,信息流,45-54岁,972,27,0,57.36,0.0281,2.12,0
2024-01-10,视频,开屏,55岁以上,768,27,0,73.27,0.0354,2.71,0
2024-01-10,视频,开屏,25-34岁,915,32,0,95.6,0.0356,2.99,0
2024-01-10,信息流,底部,45-54岁,1019,21,0,45.77,0.0207,2.18,0
2024-01-10,横幅,侧边栏,45-54岁,568,8,0,17.45,0.0146,2.18,0
2024-01-10,横幅,侧边栏,55岁以上,601,8,0,18.21,0.0145,2.28,0
2024-01-10,原生,侧边栏,55岁以上,960,20,0,51.41,0.0213,2.57,0
2024-01-11,信息流,底部,55岁以上,1235,24,0,65.14,0.02,2.71,0
2024-01-11,视频,开屏,55岁以上,847,34,0,94.55,0.0409,2.78,0
2024-01-11,图片,开屏,35-44岁,1034,25,0,66.13,0.0249,2.65,0
2024-01-11,信息流,首页,18-24岁,1051,30,0,79.27,0.0289,2.64,0
2024-01-11,横幅,首页,25-34岁,490,8,0,21.04,0.0183,2.63,0
2024-01-11,横幅,信息流,18-24岁,718,11,0,32.0,0.0163,2.91,0
2024-01-11,原生,底部,18-24岁,789,12,0,30.14,0.0159,2.51,0
2024-01-11,视频,开屏,55岁以上,831,34,0,101.29,0.0414,2.98,0
2024-01-11,视频,信息流,55岁以上,700,21,0,51.56,0.0306,2.46,0
2024-01-11,图片,底部,35-44岁,942,14,0,41.7,0.0154,2.98,0
2024-01-11,横幅,首页,18-24岁,495,9,0,18.24,0.0194,2.03,0
2024-01-11,视频,侧边栏,55岁以上,887,26,0,52.77,0.0296,2.03,0
2024-01-11,信息流,首页,55岁以上,1283,35,0,70.09,0.0277,2.0,0
2024-01-11,图片,信息流,55岁以上,993,22,0,57.45,0.0223,2.61,0
2024-01-11,视频,首页,45-54岁,804,30,0,78.8,0.0383,2.63,0
2024-01-11,信息流,首页,55岁以上,1141,37,0,88.81,0.0327,2.4,0
2024-01-11,原生,开屏,55岁以上,954,29,0,80.78,0.0311,2.79,0
2024-01-11,图片,底部,45-54岁,1114,16,0,34.65,0.0151,2.17,0
2024-01-11,图片,侧边栏,35-44岁,990,18,0,42.02,0.0185,2.33,0
2024-01-11,图片,首页,45-54岁,1197,26,0,60.49,0.0217,2.33,0
2024-01-11,信息流,底部,35-44岁,1234,26,0,75.4,0.0218,2.9,0
2024-01-11,横幅,侧边栏,25-34岁,608,8,0,18.25,0.0146,2.28,0
2024-01-11,图片,侧边栏,55岁以上,1071,19,0,42.48,0.0178,2.24,0
2024-01-11,视频,信息流,35-44岁,678,22,0,59.0,0.0329,2.68,0
2024-01-11,视频,信息流,45-54岁,790,27,0,59.44,0.0354,2.2,0
2024-01-11,视频,开屏,25-34岁,919,32,0,75.88,0.0355,2.37,0
2024-01-11,横幅,信息流,18-24岁,718,12,0,28.28,0.0179,2.36,0
2024-01-11,图片,开屏,35-44岁,872,23,0,48.27,0.0271,2.1,0
2024-01-11,信息流,开屏,25-34岁,1170,41,0,86.1,0.0353,2.1,0
2024-01-11,图片,底部,25-34岁,895,14,0,28.73,0.0165,2.05,0
2024-01-11,原生,信息流,25-34岁,824,18,0,43.44,0.0226,2.41,0
2024-01-11,信息流,侧边栏,25-34岁,1082,22,0,52.96,0.0207,2.41,0
2024-01-11,横幅,底部,45-54岁,669,7,0,19.46,0.0115,2.78,0
2024-01-11,信息流,信息流,55岁以上,1199,35,0,82.73,0.0295,2.36,0
2024-01-11,图片,底部,35-44岁,994,15,0,44.09,0.0151,2.94,0
2024-01-11,信息流,底部,55岁以上,1219,23,0,55.36,0.0193,2.41,0
2024-01-11,横幅,开屏,45-54岁,599,11,0,32.4,0.0188,2.95,0
2024-01-12,原生,开屏,25-34岁,805,21,0,48.54,0.0262,2.31,0
2024-01-12,视频,侧边栏,25-34岁,680,18,0,43.84,0.0266,2.44,0
2024-01-12,原生,首页,55岁以上,777,20,0,46.99,0.0266,2.35,0
2024-01-12,信息流,开屏,25-34岁,1267,41,0,88.18,0.033,2.15,0
2024-01-12,原生,底部,25-34岁,1059,17,0,49.82,0.0167,2.93,0
2024-01-12,信息流,信息流,35-44岁,1049,26,0,58.85,0.025,2.26,0
2024-01-12,图片,开屏,25-34岁,1017,28,0,75.18,0.0279,2.68,0
2024-01-12,原生,首页,18-24岁,783,19,0,48.3,0.0248,2.54,0
2024-01-12,图片,开屏,35-44岁,827,21,0,62.75,0.0261,2.99,0
2024-01-12,图片,信息流,35-44岁,1045,23,0,54.02,0.0226,2.35,0
2024-01-12,视频,信息流,55岁以上,770,26,0,67.58,0.0347,2.6,0
2024-01-12,视频,首页,25-34岁,898,30,0,86.15,0.0338,2.87,0
2024-01-12,视频,侧边栏,55岁以上,796,22,0,44.46,0.0282,2.02,0
2024-01-12,信息流,首页,18-24岁,1030,32,0,67.55,0.0312,2.11,0
2024-01-12,横幅,首页,35-44岁,523,9,0,25.61,0.0174,2.85,0
2024-01-12,原生,开屏,45-54岁,986,30,0,65.11,0.0306,2.17,0
2024-01-12,横幅,开屏,18-24岁,630,12,0,24.05,0.0206,2.0,0
2024-01-12,信息流,信息流,18-24岁,1247,35,0,98.7,0.0285,2.82,0
2024-01-12,横幅,首页,45-54岁,687,12,0,31.84,0.0185,2.65,0
2024-01-12,信息流,首页,18-24岁,1103,33,0,77.06,0.0306,2.34,0
2024-01-12,横幅,信息流,25-34岁,580,10,0,24.01,0.0173,2.4,0
2024-01-12,视频,底部,45-54岁,701,18,0,41.32,0.0264,2.3,0
2024-01-12,原生,首页,45-54岁,957,24,0,50.56,0.0253,2.11,0
2024-01-12,原生,开屏,55岁以上,763,22,0,54.76,0.0301,2.49,0
2024-01-12,横幅,首页,35-44岁,564,10,0,29.66,0.0181,2.97,0
2024-01-12,横幅,首页,18-24岁,620,10,0,29.23,0.0162,2.92,0
2024-01-12,横幅,首页,25-34岁,656,11,0,30.82,0.0174,2.8,0
2024-01-12,图片,侧边栏,45-54岁,944,15,0,34.93,0.0169,2.33,0
2024-01-12,横幅,首页,55岁以上,556,9,0,18.89,0.0171,2.1,0
2024-01-12,视频,首页,25-34岁,708,25,0,63.26,0.036,2.53,0
2024-01-12,视频,底部,18-24岁,868,20,0,52.26,0.024,2.61,0
2024-01-12,图片,信息流,35-44岁,804,16,0,42.53,0.0207,2.66,0
2024-01-12,视频,开屏,35-44岁,902,36,0,94.22,0.0404,2.62,0
2024-01-12,视频,开屏,45-54岁,662,27,0,56.48,0.0409,2.09,0
2024-01-12,信息流,底部,18-24岁,1048,22,0,59.93,0.0214,2.72,0
2024-01-13,信息流,开屏,18-24岁,1355,45,0,112.88,0.0337,2.51,0
2024-01-13,图片,侧边栏,35-44岁,816,14,0,40.61,0.0176,2.9,0
2024-01-13,信息流,侧边栏,55岁以上,962,22,0,64.25,0.0235,2.92,0
2024-01-13,视频,底部,25-34岁,649,16,0,40.81,0.0254,2.55,0
2024-01-13,信息流,开屏,45-54岁,1181,36,0,90.99,0.0311,2.53,0
2024-01-13,视频,开屏,55岁以上,678,27,0,59.26,0.0408,2.19,0
2024-01-13,图片,信息流,35-44岁,1089,22,0,59.55,0.0209,2.71,0
2024-01-13,信息流,侧边栏,18-24岁,1292,26,0,74.14,0.0205,2.85,0
2024-01-13,横幅,开屏,35-44岁,522,9,0,23.41,0.0177,2.6,0
2024-01-13,横幅,首页,55岁以上,639,10,0,29.61,0.017,2.96,0
2024-01-13,图片,首页,25-34岁,1109,29,0,83.13,0.0263,2.87,0
2024-01-13,横幅,首页,45-54岁,500,8,0,17.72,0.0169,2.21,0
2024-01-13,图片,首页,25-34岁,874,20,0,43.25,0.0231,2.16,0
2024-01-13,信息流,侧边栏,35-44岁,1288,26,0,72.39,0.0209,2.78,0
2024-01-13,原生,底部,55岁以上,1045,16,0,34.67,0.0159,2.17,0
2024-01-13,横幅,开屏,18-24岁,549,9,0,20.24,0.0177,2.25,0
2024-01-13,横幅,底部,35-44岁,687,9,0,23.77,0.0131,2.64,0
2024-01-13,信息流,侧边栏,35-44岁,991,20,0,49.18,0.0204,2.46,0
2024-01-13,信息流,侧边栏,45-54岁,1226,26,0,66.73,0.0216,2.57,0
2024-01-13,信息流,底部,45-54岁,1399,29,0,71.96,0.0212,2.48,0
2024-01-13,横幅,首页,35-44岁,616,11,0,29.26,0.018,2.66,0
2024-01-13,信息流,信息流,25-34岁,1192,30,0,63.95,0.0258,2.13,0
2024-01-13,信息流,底部,25-34岁,1356,27,0,61.13,0.0201,2.26,0
2024-01-13,原生,侧边栏,25-34岁,958,20,0,41.81,0.0209,2.09,0
2024-01-13,图片,首页,18-24岁,861,22,0,49.44,0.0258,2.25,0
2024-01-14,视频,侧边栏,18-24岁,755,21,0,58.5,0.0289,2.79,0
2024-01-14,横幅,底部,45-54岁,494,6,0,16.3,0.0127,2.72,0
2024-01-14,视频,信息流,55岁以上,761,23,0,48.86,0.031,2.12,0
2024-01-14,横幅,侧边栏,35-44岁,544,7,0,19.27,0.0137,2.75,0
2024-01-14,视频,侧边栏,35-44岁,843,23,0,46.07,0.0281,2.0,0
2024-01-14,原生,信息流,55岁以上,773,19,0,38.7,0.0246,2.04,0
2024-01-14,原生,开屏,35-44岁,736,22,0,50.61,0.03,2.3,0
2024-01-14,原生,首页,18-24岁,953,25,0,58.11,0.0271,2.32,0
2024-01-14,信息流,侧边栏,18-24岁,1248,29,0,80.85,0.0234,2.79,0
2024-01-14,原生,首页,35-44岁,1013,24,0,65.75,0.0243,2.74,0
2024-01-14,原生,信息流,45-54岁,820,20,0,44.93,0.0253,2.25,0
2024-01-14,图片,首页,45-54岁,928,22,0,48.34,0.0241,2.2,0
2024-01-14,视频,信息流,35-44岁,898,28,0,79.13,0.0322,2.83,0
2024-01-14,信息流,底部,55岁以上,1341,27,0,79.29,0.0207,2.94,0
2024-01-14,信息流,开屏,18-24岁,1434,49,0,137.62,0.0343,2.81,0
2024-01-14,信息流,底部,45-54岁,981,21,0,42.34,0.0215,2.02,0
2024-01-14,信息流,首页,35-44岁,1268,34,0,84.71,0.0274,2.49,0
2024-01-14,信息流,侧边栏,35-44岁,1264,30,0,68.42,0.0243,2.28,0
2024-01-14,信息流,首页,45-54岁,1366,37,0,81.05,0.0276,2.19,0
2024-01-14,原生,侧边栏,45-54岁,1054,20,0,51.33,0.019,2.57,0
2024-01-14,视频,首页,45-54岁,932,34,0,81.49,0.0374,2.4,0
2024-01-14,视频,信息流,18-24岁,705,24,0,65.79,0.0352,2.74,0
2024-01-14,视频,底部,35-44岁,769,17,0,37.93,0.0228,2.23,0
2024-01-14,横幅,底部,35-44岁,628,8,0,16.84,0.0129,2.1,0
2024-01-14,横幅,侧边栏,45-54岁,506,7,0,19.83,0.0139,2.83,0
2024-01-14,原生,侧边栏,45-54岁,897,16,0,43.39,0.0181,2.71,0
2024-01-14,原生,底部,25-34岁,930,15,0,41.18,0.0168,2.75,0
2024-01-14,横幅,信息流,55岁以上,487,7,0,16.14,0.0153,2.31,0
2024-01-14,视频,开屏,18-24岁,674,27,0,80.65,0.0408,2.99,0
2024-01-15,横幅,开屏,25-34岁,670,13,0,34.58,0.0207,2.66,0
2024-01-15,图片,侧边栏,55岁以上,1163,20,0,49.09,0.0175,2.45,0
2024-01-15,图片,开屏,35-44岁,884,21,0,57.06,0.0244,2.72,0
2024-01-15,信息流,底部,45-54岁,1297,23,0,68.27,0.0183,2.97,0
2024-01-15,原生,底部,55岁以上,1027,18,0,51.9,0.0184,2.88,0
2024-01-15,图片,信息流,25-34岁,904,21,0,54.98,0.0235,2.62,0
2024-01-15,原生,开屏,18-24岁,803,23,0,53.1,0.0293,2.31,0
2024-01-15,图片,信息流,18-24岁,1104,25,0,54.16,0.0229,2.17,0
2024-01-15,视频,侧边栏,18-24岁,828,20,0,53.01,0.0252,2.65,0
2024-01-15,横幅,底部,35-44岁,667,7,0,17.69,0.0115,2.53,0
2024-01-15,视频,信息流,35-44岁,689,21,0,58.08,0.0309,2.77,0
2024-01-15,视频,底部,45-54岁,945,22,0,62.31,0.0241,2.83,0
2024-01-15,横幅,开屏,55岁以上,627,12,0,35.15,0.0201,2.93,0
2024-01-15,原生,侧边栏,25-34岁,852,16,0,41.77,0.0192,2.61,0
2024-01-15,视频,信息流,35-44岁,737,25,0,50.59,0.0349,2.02,0
2024-01-15,视频,信息流,25-34岁,766,24,0,61.71,0.0317,2.57,0
2024-01-15,原生,首页,45-54岁,904,23,0,55.95,0.0255,2.43,0
2024-01-15,视频,开屏,35-44岁,932,35,0,93.28,0.0382,2.67,0
2024-01-15,视频,侧边栏,45-54岁,714,19,0,46.91,0.0275,2.47,0
2024-01-15,信息流,侧边栏,18-24岁,1205,25,0,72.65,0.0208,2.91,0
2024-01-15,视频,底部,55岁以上,888,22,0,51.84,0.0254,2.36,0
2024-01-15,横幅,底部,18-24岁,547,7,0,15.46,0.013,2.21,0
2024-01-15,横幅,首页,18-24岁,519,8,0,20.84,0.0167,2.61,0
2024-01-15,信息流,信息流,35-44岁,1138,31,0,65.65,0.028,2.12,0
2024-01-15,原生,信息流,35-44岁,1056,28,0,62.62,0.0266,2.24,0
2024-01-15,视频,侧边栏,18-24岁,654,19,0,52.6,0.0296,2.77,0
2024-01-15,信息流,首页,18-24岁,1004,29,0,59.63,0.0293,2.06,0
2024-01-15,图片,信息流,55岁以上,993,23,0,67.34,0.0237,2.93,0
2024-01-15,图片,首页,35-44岁,985,24,0,57.1,0.0251,2.38,0
2024-01-15,原生,首页,55岁以上,754,19,0,53.22,0.0255,2.8,0
2024-01-15,视频,开屏,55岁以上,860,36,0,97.65,0.0425,2.71,0
2024-01-15,信息流,信息流,25-34岁,1084,28,0,65.15,0.026,2.33,0
2024-01-16,横幅,开屏,25-34岁,625,12,0,25.42,0.0207,2.12,0
2024-01-16,视频,信息流,35-44岁,643,21,0,45.94,0.0329,2.19,0
2024-01-16,信息流,首页,45-54岁,1283,40,0,117.26,0.0319,2.93,0
2024-01-16,视频,侧边栏,35-44岁,829,24,0,55.32,0.0292,2.3,0
2024-01-16,图片,侧边栏,55岁以上,822,15,0,37.39,0.0189,2.49,0
2024-01-16,原生,信息流,25-34岁,853,21,0,42.22,0.0251,2.01,0
2024-01-16,原生,开屏,18-24岁,755,21,0,46.56,0.029,2.22,0
2024-01-16,信息流,底部,35-44岁,1290,24,0,54.19,0.0193,2.26,0
2024-01-16,原生,侧边栏,35-44岁,724,14,0,34.3,0.0206,2.45,0
2024-01-16,原生,侧边栏,55岁以上,770,14,0,35.92,0.0185,2.57,0
2024-01-16,原生,信息流,45-54岁,998,25,0,70.97,0.0252,2.84,0
2024-01-16,信息流,底部,55岁以上,1122,23,0,68.33,0.0207,2.97,0
2024-01-16,视频,开屏,45-54岁,785,30,0,60.2,0.0385,2.01,0
2024-01-16,原生,开屏,45-54岁,1074,27,0,74.66,0.026,2.77,0
2024-01-16,图片,侧边栏,35-44岁,948,18,0,41.73,0.019,2.32,0
2024-01-16,横幅,侧边栏,45-54岁,573,7,0,14.49,0.0127,2.07,0
2024-01-16,信息流,侧边栏,25-34岁,1109,24,0,54.7,0.022,2.28,0
2024-01-16,信息流,信息流,18-24岁,1115,31,0,85.83,0.0286,2.77,0
2024-01-16,视频,首页,55岁以上,952,35,0,104.54,0.0369,2.99,0
2024-01-16,视频,开屏,45-54岁,943,37,0,108.27,0.0403,2.93,0
2024-01-16,图片,底部,45-54岁,894,15,0,34.53,0.0168,2.3,0
2024-01-16,视频,开屏,25-34岁,661,27,0,59.83,0.0411,2.22,0
2024-01-16,原生,信息流,25-34岁,869,18,0,38.85,0.0218,2.16,0
2024-01-16,原生,底部,35-44岁,857,15,0,33.92,0.0177,2.26,0
2024-01-16,信息流,开屏,35-44岁,1187,38,0,104.35,0.0327,2.75,0
2024-01-16,横幅,开屏,35-44岁,541,11,0,29.06,0.0208,2.64,0
2024-01-16,横幅,开屏,35-44岁,617,13,0,38.71,0.0214,2.98,0
2024-01-16,图片,首页,25-34岁,999,23,0,52.02,0.0235,2.26,0
2024-01-16,图片,首页,18-24岁,1162,29,0,62.33,0.0256,2.15,0
2024-01-16,横幅,首页,18-24岁,689,13,0,38.38,0.0192,2.95,0
2024-01-16,横幅,开屏,25-34岁,535,10,0,26.67,0.02,2.67,0
2024-01-16,视频,首页,35-44岁,759,26,0,75.06,0.0349,2.89,0
2024-01-16,横幅,底部,55岁以上,713,9,0,24.59,0.0132,2.73,0
2024-01-16,原生,侧边栏,35-44岁,729,13,0,28.85,0.0187,2.22,0
2024-01-17,视频,底部,45-54岁,830,18,0,38.38,0.0219,2.13,0
2024-01-17,原生,开屏,55岁以上,782,23,0,61.03,0.0295,2.65,0
2024-01-17,原生,开屏,45-54岁,955,25,0,72.29,0.0266,2.89,0
2024-01-17,视频,底部,55岁以上,718,16,0,36.19,0.0225,2.26,0
2024-01-17,图片,开屏,35-44岁,981,24,0,54.68,0.0249,2.28,0
2024-01-17,横幅,首页,18-24岁,675,13,0,30.68,0.0193,2.36,0
2024-01-17,原生,侧边栏,18-24岁,842,17,0,41.27,0.0211,2.43,0
2024-01-17,横幅,侧边栏,25-34岁,575,7,0,19.64,0.0135,2.81,0
2024-01-17,信息流,首页,35-44岁,1219,33,0,69.6,0.0273,2.11,0
2024-01-17,信息流,首页,55岁以上,1151,37,0,100.77,0.0325,2.72,0
2024-01-17,原生,首页,45-54岁,912,25,0,63.64,0.0275,2.55,0
2024-01-17,横幅,侧边栏,25-34岁,678,8,0,18.17,0.0129,2.27,0
2024-01-17,视频,开屏,35-44岁,895,32,0,69.82,0.0366,2.18,0
2024-01-17,视频,开屏,18-24岁,739,27,0,63.02,0.0368,2.33,0
2024-01-17,横幅,侧边栏,55岁以上,548,8,0,16.98,0.0146,2.12,0
2024-01-17,图片,信息流,25-34岁,1006,23,0,61.96,0.0233,2.69,0
2024-01-17,原生,首页,45-54岁,725,18,0,53.31,0.0258,2.96,0
2024-01-17,图片,侧边栏,35-44岁,942,17,0,39.64,0.019,2.33,0
2024-01-17,原生,首页,18-24岁,830,22,0,62.65,0.0272,2.85,0
2024-01-17,原生,信息流,45-54岁,824,18,0,46.1,0.0222,2.56,0
2024-01-17,原生,首页,25-34岁,959,23,0,65.29,0.0245,2.84,0
2024-01-17,图片,信息流,45-54岁,1142,25,0,72.07,0.0222,2.88,0
2024-01-17,视频,信息流,18-24岁,797,28,0,61.0,0.0358,2.18,0
2024-01-17,图片,信息流,55岁以上,867,17,0,47.75,0.02,2.81,0
2024-01-17,横幅,底部,35-44岁,696,9,0,21.21,0.013,2.36,0
2024-01-17,视频,侧边栏,35-44岁,648,18,0,37.42,0.0278,2.08,0
2024-01-17,信息流,开屏,45-54岁,1271,44,0,125.81,0.0348,2.86,0
2024-01-17,图片,首页,55岁以上,973,24,0,62.55,0.0251,2.61,0
2024-01-17,横幅,底部,18-24岁,597,7,0,18.49,0.0122,2.64,0
2024-01-17,横幅,信息流,55岁以上,664,10,0,28.81,0.0162,2.88,0
2024-01-18,图片,底部,25-34岁,977,17,0,35.69,0.0174,2.1,0
2024-01-18,视频,开屏,45-54岁,667,23,0,59.84,0.0359,2.6,0
2024-01-18,原生,开屏,25-34岁,744,19,0,43.0,0.0266,2.26,0
2024-01-18,原生,底部,25-34岁,777,14,0,34.53,0.0188,2.47,0
2024-01-18,视频,信息流,18-24岁,872,29,0,63.97,0.0336,2.21,0
2024-01-18,图片,信息流,25-34岁,807,17,0,38.54,0.0216,2.27,0
2024-01-18,信息流,开屏,35-44岁,1158,40,0,91.58,0.0348,2.29,0
2024-01-18,原生,底部,18-24岁,744,12,0,31.19,0.0166,2.6,0
2024-01-18,信息流,信息流,25-34岁,1344,33,0,94.78,0.0249,2.87,0
2024-01-18,信息流,侧边栏,18-24岁,1198,25,0,71.35,0.021,2.85,0
2024-01-18,信息流,开屏,55岁以上,1069,37,0,82.86,0.0353,2.24,0
2024-01-18,信息流,底部,35-44岁,1274,27,0,59.09,0.0218,2.19,0
2024-01-18,信息流,侧边栏,35-44岁,1289,27,0,58.05,0.0213,2.15,0
2024-01-18,视频,侧边栏,45-54岁,834,22,0,62.74,0.027,2.85,0
2024-01-18,横幅,开屏,55岁以上,489,8,0,20.7,0.0178,2.59,0
2024-01-18,横幅,侧边栏,35-44岁,708,9,0,22.15,0.0137,2.46,0
2024-01-18,横幅,底部,25-34岁,649,7,0,14.9,0.0119,2.13,0
2024-01-18,图片,开屏,55岁以上,1151,32,0,77.67,0.0281,2.43,0
2024-01-18,信息流,首页,55岁以上,1284,37,0,104.28,0.0293,2.82,0
2024-01-18,原生,首页,25-34岁,773,19,0,45.05,0.0253,2.37,0
2024-01-18,横幅,侧边栏,55岁以上,510,6,0,17.64,0.0136,2.94,0
2024-01-18,信息流,开屏,55岁以上,1010,31,0,91.47,0.0315,2.95,0
2024-01-18,横幅,侧边栏,35-44岁,601,8,0,18.4,0.0135,2.3,0
2024-01-18,信息流,侧边栏,18-24岁,1028,22,0,63.22,0.0215,2.87,0
2024-01-18,视频,侧边栏,35-44岁,927,25,0,59.56,0.0278,2.38,0
2024-01-18,原生,开屏,55岁以上,803,21,0,49.54,0.0271,2.36,0
2024-01-18,信息流,首页,18-24岁,1100,35,0,104.29,0.0323,2.98,0
2024-01-18,横幅,首页,18-24岁,539,9,0,23.49,0.0177,2.61,0
2024-01-18,图片,底部,45-54岁,1156,19,0,48.54,0.017,2.55,0
2024-01-19,信息流,信息流,18-24岁,1174,30,0,63.35,0.0264,2.11,0
2024-01-19,图片,信息流,25-34岁,869,17,0,47.49,0.0205,2.79,0
2024-01-19,信息流,信息流,45-54岁,1123,33,0,71.1,0.0298,2.15,0
2024-01-19,信息流,开屏,55岁以上,978,31,0,84.12,0.0326,2.71,0
2024-01-19,信息流,开屏,18-24岁,1042,30,0,61.17,0.0295,2.04,0
2024-01-19,横幅,开屏,18-24岁,645,12,0,27.6,0.0195,2.3,0
2024-01-19,信息流,开屏,35-44岁,1330,44,0,94.93,0.0336,2.16,0
2024-01-19,横幅,首页,45-54岁,612,10,0,22.09,0.0163,2.21,0
2024-01-19,信息流,侧边栏,18-24岁,1293,29,0,80.77,0.0229,2.79,0
2024-01-19,视频,首页,18-24岁,725,25,0,53.86,0.0351,2.15,0
2024-01-19,图片,底部,55岁以上,1187,17,0,50.64,0.0144,2.98,0
2024-01-19,视频,侧边栏,18-24岁,943,27,0,80.85,0.0294,2.99,0
2024-01-19,视频,开屏,35-44岁,656,26,0,62.1,0.0402,2.39,0
2024-01-19,信息流,底部,35-44岁,1429,30,0,81.84,0.0215,2.73,0
2024-01-19,横幅,侧边栏,55岁以上,701,9,0,26.76,0.0141,2.97,0
2024-01-19,原生,侧边栏,55岁以上,798,15,0,44.19,0.02,2.95,0
2024-01-19,原生,首页,25-34岁,786,19,0,46.34,0.0248,2.44,0
2024-01-19,横幅,信息流,45-54岁,603,9,0,19.56,0.0162,2.17,0
2024-01-19,横幅,侧边栏,55岁以上,537,7,0,20.33,0.0148,2.9,0
2024-01-19,原生,开屏,25-34岁,863,25,0,52.26,0.0297,2.09,0
2024-01-19,信息流,首页,55岁以上,1419,45,0,115.87,0.0323,2.57,0
2024-01-19,视频,首页,35-44岁,832,29,0,86.09,0.0355,2.97,0
2024-01-19,图片,开屏,45-54岁,867,23,0,52.28,0.0269,2.27,0
2024-01-19,视频,首页,55岁以上,803,30,0,80.22,0.0374,2.67,0
2024-01-19,视频,开屏,18-24岁,673,24,0,65.18,0.0367,2.72,0
2024-01-19,视频,底部,35-44岁,946,20,0,42.83,0.0217,2.14,0
2024-01-20,信息流,开屏,25-34岁,1189,36,0,83.49,0.0304,2.32,0
2024-01-20,横幅,信息流,18-24岁,708,11,0,23.17,0.0158,2.11,0
2024-01-20,视频,开屏,35-44岁,696,26,0,57.25,0.038,2.2,0
2024-01-20,图片,开屏,25-34岁,1160,28,0,70.9,0.0242,2.53,0
2024-01-20,信息流,底部,18-24岁,1216,23,0,49.15,0.0194,2.14,0
2024-01-20,信息流,侧边栏,55岁以上,1439,35,0,95.89,0.0247,2.74,0
2024-01-20,视频,底部,18-24岁,916,20,0,52.66,0.0226,2.63,0
2024-01-20,原生,首页,25-34岁,1020,26,0,58.45,0.0255,2.25,0
2024-01-20,信息流,侧边栏,45-54岁,1112,24,0,67.09,0.0218,2.8,0
2024-01-20,视频,信息流,55岁以上,935,33,0,88.78,0.0356,2.69,0
2024-01-20,图片,开屏,18-24岁,1171,30,0,71.26,0.0264,2.38,0
2024-01-20,图片,首页,35-44岁,1083,26,0,71.07,0.0248,2.73,0
2024-01-20,横幅,信息流,35-44岁,686,12,0,34.15,0.0179,2.85,0
2024-01-20,信息流,底部,45-54岁,1371,28,0,62.38,0.0207,2.23,0
2024-01-20,横幅,开屏,25-34岁,571,11,0,23.6,0.0203,2.15,0
2024-01-20,图片,侧边栏,18-24岁,1069,18,0,46.86,0.0168,2.6,0
2024-01-20,原生,开屏,45-54岁,930,23,0,68.23,0.0258,2.97,0
2024-01-20,图片,首页,35-44岁,1118,25,0,53.64,0.023,2.15,0
2024-01-20,视频,开屏,45-54岁,857,32,0,85.87,0.0376,2.68,0
2024-01-20,信息流,首页,55岁以上,1376,44,0,128.03,0.0321,2.91,0
2024-01-20,信息流,信息流,25-34岁,1077,29,0,73.76,0.0277,2.54,0
2024-01-20,视频,信息流,55岁以上,879,26,0,72.07,0.0299,2.77,0
2024-01-20,横幅,开屏,18-24岁,655,13,0,32.6,0.0208,2.51,0
2024-01-20,视频,信息流,35-44岁,714,25,0,50.68,0.0358,2.03,0
2024-01-20,视频,开屏,25-34岁,844,29,0,86.32,0.0354,2.98,0
2024-01-20,视频,侧边栏,35-44岁,781,19,0,41.24,0.025,2.17,0
2024-01-20,原生,信息流,25-34岁,1000,24,0,52.17,0.0243,2.17,0
2024-01-20,横幅,底部,35-44岁,654,8,0,19.53,0.0123,2.44,0
2024-01-20,信息流,信息流,55岁以上,1246,33,0,98.85,0.0266,3.0,0
2024-01-21,横幅,信息流,35-44岁,613,10,0,26.18,0.0173,2.62,0
2024-01-21,视频,信息流,55岁以上,749,23,0,62.58,0.032,2.72,0
2024-01-21,图片,首页,18-24岁,963,23,0,49.91,0.0242,2.17,0
2024-01-21,图片,首页,45-54岁,1098,24,0,64.89,0.0224,2.7,0
2024-01-21,图片,首页,55岁以上,818,20,0,54.84,0.0256,2.74,0
2024-01-21,视频,侧边栏,45-54岁,893,26,0,56.53,0.0295,2.17,0
2024-01-21,横幅,侧边栏,45-54岁,645,8,0,23.36,0.0133,2.92,0
2024-01-21,图片,开屏,35-44岁,1193,29,0,58.48,0.0244,2.02,0
2024-01-21,横幅,底部,18-24岁,530,6,0,13.89,0.0131,2.31,0
2024-01-21,原生,信息流,25-34岁,927,21,0,59.98,0.0232,2.86,0
2024-01-21,横幅,首页,45-54岁,548,10,0,29.76,0.0184,2.98,0
2024-01-21,原生,首页,55岁以上,1023,29,0,82.17,0.0288,2.83,0
2024-01-21,横幅,侧边栏,25-34岁,663,8,0,22.11,0.0135,2.76,0
2024-01-21,信息流,信息流,18-24岁,1227,32,0,76.59,0.0265,2.39,0
2024-01-21,视频,底部,45-54岁,729,17,0,38.29,0.0245,2.25,0
2024-01-21,信息流,底部,55岁以上,1237,25,0,58.59,0.0203,2.34,0
2024-01-21,横幅,首页,18-24岁,532,8,0,22.04,0.0167,2.75,0
2024-01-21,信息流,首页,18-24岁,1266,36,0,78.7,0.0289,2.19,0
2024-01-21,横幅,开屏,25-34岁,694,13,0,33.46,0.0199,2.57,0
2024-01-21,信息流,首页,35-44岁,1201,36,0,86.54,0.0302,2.4,0
2024-01-21,信息流,开屏,18-24岁,1297,40,0,85.68,0.0315,2.14,0
2024-01-21,信息流,侧边栏,45-54岁,1420,30,0,64.01,0.0217,2.13,0
2024-01-21,信息流,首页,35-44岁,1392,42,0,100.97,0.0307,2.4,0
2024-01-21,信息流,信息流,18-24岁,1272,34,0,100.9,0.0272,2.97,0
2024-01-21,视频,信息流,55岁以上,876,27,0,76.36,0.0317,2.83,0
2024-01-21,图片,底部,45-54岁,1081,18,0,50.48,0.0169,2.8,0
2024-01-21,图片,底部,18-24岁,1187,19,0,42.44,0.0168,2.23,0
2024-01-21,图片,侧边栏,35-44岁,1033,18,0,53.44,0.0176,2.97,0
2024-01-21,信息流,开屏,18-24岁,1091,37,0,97.35,0.0348,2.63,0
2024-01-21,原生,信息流,55岁以上,859,20,0,45.74,0.0242,2.29,0
2024-01-21,信息流,信息流,25-34岁,1048,28,0,65.32,0.0273,2.33,0
2024-01-21,图片,首页,25-34岁,1030,25,0,56.42,0.0247,2.26,0
2024-01-21,横幅,开屏,55岁以上,582,12,0,25.91,0.0211,2.16,0
2024-01-22,横幅,开屏,25-34岁,529,9,0,25.2,0.0181,2.8,0
2024-01-22,视频,底部,35-44岁,845,21,0,62.53,0.0253,2.98,0
2024-01-22,视频,开屏,18-24岁,951,38,0,81.01,0.041,2.13,0
2024-01-22,横幅,底部,18-24岁,714,8,0,22.69,0.0122,2.84,0
2024-01-22,信息流,开屏,25-34岁,1044,36,0,101.77,0.0348,2.83,0
2024-01-22,信息流,信息流,25-34岁,1216,31,0,74.96,0.0256,2.42,0
2024-01-22,视频,开屏,18-24岁,846,32,0,75.6,0.0384,2.36,0
2024-01-22,视频,底部,18-24岁,878,19,0,51.19,0.0222,2.69,0
2024-01-22,横幅,底部,25-34岁,560,7,0,17.83,0.0126,2.55,0
2024-01-22,视频,底部,25-34岁,785,19,0,42.58,0.0252,2.24,0
2024-01-22,原生,开屏,55岁以上,926,25,0,73.72,0.028,2.95,0
2024-01-22,图片,开屏,45-54岁,835,21,0,50.7,0.0255,2.41,0
2024-01-22,图片,侧边栏,25-34岁,1006,18,0,43.67,0.0182,2.43,0
2024-01-22,横幅,底部,45-54岁,540,5,0,12.7,0.011,2.54,0
2024-01-22,横幅,侧边栏,35-44岁,668,9,0,18.61,0.0139,2.07,0
2024-01-22,横幅,底部,25-34岁,519,6,0,12.11,0.013,2.02,0
2024-01-22,信息流,信息流,45-54岁,1321,38,0,77.62,0.0295,2.04,0
2024-01-22,图片,信息流,55岁以上,931,19,0,49.31,0.0206,2.6,0
2024-01-22,图片,侧边栏,45-54岁,971,16,0,40.68,0.0168,2.54,0
2024-01-22,图片,首页,45-54岁,1148,27,0,78.98,0.0235,2.93,0
2024-01-22,横幅,底部,45-54岁,706,8,0,18.95,0.0115,2.37,0
2024-01-22,原生,底部,25-34岁,1044,20,0,51.45,0.0192,2.57,0
2024-01-22,信息流,侧边栏,35-44岁,1279,28,0,65.97,0.022,2.36,0
2024-01-22,视频,首页,55岁以上,744,26,0,66.77,0.0357,2.57,0
2024-01-22,信息流,底部,55岁以上,1370,27,0,74.9,0.0197,2.77,0
2024-01-22,视频,首页,35-44岁,814,31,0,86.15,0.0383,2.78,0
2024-01-22,视频,底部,55岁以上,663,14,0,35.71,0.0222,2.55,0
2024-01-22,横幅,侧边栏,45-54岁,516,6,0,14.88,0.013,2.48,0
2024-01-22,信息流,信息流,35-44岁,1107,28,0,64.84,0.026,2.32,0
2024-01-22,信息流,首页,25-34岁,1398,40,0,87.45,0.0288,2.19,0
2024-01-22,信息流,底部,18-24岁,1208,24,0,53.7,0.0206,2.24,0
2024-01-23,图片,首页,18-24岁,1085,25,0,55.53,0.0239,2.22,0
2024-01-23,信息流,开屏,18-24岁,1328,38,0,93.59,0.0294,2.46,0
2024-01-23,信息流,信息流,55岁以上,1053,30,0,89.22,0.0289,2.97,0
2024-01-23,信息流,侧边栏,35-44岁,1295,29,0,81.03,0.0225,2.79,0
2024-01-23,图片,侧边栏,18-24岁,930,16,0,42.09,0.018,2.63,0
2024-01-23,图片,信息流,18-24岁,864,17,0,45.67,0.0204,2.69,0
2024-01-23,原生,信息流,45-54岁,786,19,0,52.67,0.0246,2.77,0
2024-01-23,信息流,信息流,18-24岁,1139,30,0,89.71,0.027,2.99,0
2024-01-23,信息流,信息流,55岁以上,1355,39,0,85.0,0.0294,2.18,0
2024-01-23,信息流,首页,35-44岁,993,27,0,64.63,0.0278,2.39,0
2024-01-23,信息流,开屏,55岁以上,1034,30,0,89.88,0.0298,3.0,0
2024-01-23,原生,开屏,35-44岁,780,20,0,45.38,0.0265,2.27,0
2024-01-23,信息流,开屏,45-54岁,1331,42,0,109.77,0.0322,2.61,0
2024-01-23,图片,底部,25-34岁,1093,17,0,46.5,0.0164,2.74,0
2024-01-23,视频,开屏,18-24岁,849,36,0,99.15,0.0427,2.75,0
2024-01-23,横幅,侧边栏,35-44岁,694,8,0,21.28,0.0126,2.66,0
2024-01-23,横幅,信息流,35-44岁,667,11,0,32.24,0.0177,2.93,0
2024-01-23,视频,首页,18-24岁,881,34,0,68.69,0.0392,2.02,0
2024-01-23,信息流,侧边栏,18-24岁,1144,26,0,73.42,0.0229,2.82,0
2024-01-23,视频,开屏,55岁以上,698,29,0,84.41,0.0426,2.91,0
2024-01-23,图片,侧边栏,35-44岁,913,17,0,46.4,0.0195,2.73,0
2024-01-23,信息流,信息流,55岁以上,1012,28,0,63.86,0.0283,2.28,0
2024-01-23,原生,侧边栏,35-44岁,766,14,0,37.19,0.0194,2.66,0
2024-01-23,原生,底部,25-34岁,1022,19,0,39.85,0.0189,2.1,0
2024-01-23,横幅,开屏,18-24岁,642,11,0,22.34,0.0186,2.03,0
2024-01-23,信息流,底部,25-34岁,1352,29,0,80.14,0.0216,2.76,0
2024-01-23,图片,底部,55岁以上,1005,16,0,46.83,0.0165,2.93,0
2024-01-23,图片,底部,35-44岁,1011,17,0,47.03,0.0174,2.77,0
2024-01-23,图片,开屏,35-44岁,847,23,0,66.6,0.0282,2.9,0
2024-01-23,图片,底部,55岁以上,879,13,0,29.49,0.0158,2.27,0
2024-01-23,视频,开屏,55岁以上,798,32,0,89.86,0.0408,2.81,0
2024-01-23,信息流,侧边栏,25-34岁,1009,21,0,45.21,0.0214,2.15,0
2024-01-24,原生,首页,45-54岁,890,22,0,53.29,0.0252,2.42,0
2024-01-24,图片,首页,18-24岁,833,19,0,47.69,0.0239,2.51,0
2024-01-24,信息流,开屏,55岁以上,1407,43,0,91.21,0.0309,2.12,0
2024-01-24,视频,首页,25-34岁,934,32,0,72.77,0.0351,2.27,0
2024-01-24,视频,侧边栏,55岁以上,774,19,0,45.85,0.0255,2.41,0
2024-01-24,原生,首页,45-54岁,916,26,0,73.58,0.029,2.83,0
2024-01-24,信息流,信息流,45-54岁,1294,32,0,77.59,0.0253,2.42,0
2024-01-24,横幅,底部,18-24岁,576,7,0,17.87,0.0122,2.55,0
2024-01-24,横幅,开屏,18-24岁,634,11,0,32.73,0.0188,2.98,0
2024-01-24,横幅,侧边栏,35-44岁,506,6,0,17.08,0.0124,2.85,0
2024-01-24,视频,底部,55岁以上,950,20,0,48.34,0.0219,2.42,0
2024-01-24,横幅,首页,55岁以上,510,8,0,16.89,0.017,2.11,0
2024-01-24,信息流,信息流,35-44岁,1283,37,0,83.89,0.029,2.27,0
2024-01-24,视频,开屏,18-24岁,825,30,0,87.91,0.0371,2.93,0
2024-01-24,信息流,侧边栏,18-24岁,1152,28,0,66.8,0.0246,2.39,0
2024-01-24,横幅,底部,45-54岁,555,7,0,18.11,0.0132,2.59,0
2024-01-24,原生,信息流,55岁以上,876,20,0,59.49,0.023,2.97,0
2024-01-24,原生,底部,55岁以上,1045,18,0,39.15,0.0174,2.18,0
2024-01-24,信息流,底部,25-34岁,1232,23,0,61.49,0.0192,2.67,0
2024-01-24,图片,开屏,18-24岁,845,22,0,44.19,0.0269,2.01,0
2024-01-24,信息流,信息流,18-24岁,1235,34,0,90.09,0.0277,2.65,0
2024-01-24,信息流,开屏,35-44岁,973,28,0,69.17,0.0294,2.47,0
2024-01-24,图片,侧边栏,18-24岁,944,16,0,33.76,0.0179,2.11,0
2024-01-24,横幅,首页,55岁以上,570,9,0,25.71,0.0169,2.86,0
2024-01-24,信息流,信息流,35-44岁,1182,34,0,78.32,0.0292,2.3,0
2024-01-24,原生,信息流,35-44岁,922,22,0,57.04,0.0249,2.59,0
2024-01-24,视频,侧边栏,55岁以上,866,24,0,51.55,0.0279,2.15,0
2024-01-24,信息流,开屏,45-54岁,1354,47,0,104.99,0.0354,2.23,0
2024-01-24,图片,侧边栏,18-24岁,1082,18,0,45.95,0.0168,2.55,0
2024-01-24,视频,首页,25-34岁,667,22,0,58.73,0.0344,2.67,0
2024-01-24,横幅,底部,55岁以上,614,7,0,16.31,0.0129,2.33,0
2024-01-24,横幅,开屏,45-54岁,632,11,0,26.1,0.018,2.37,0
2024-01-24,横幅,底部,35-44岁,571,6,0,15.87,0.0112,2.65,0
2024-01-24,原生,首页,45-54岁,800,23,0,51.34,0.0289,2.23,0
2024-01-25,横幅,开屏,25-34岁,545,11,0,26.98,0.0213,2.45,0
2024-01-25,视频,侧边栏,35-44岁,736,19,0,46.26,0.027,2.43,0
2024-01-25,视频,底部,25-34岁,843,21,0,59.88,0.0258,2.85,0
2024-01-25,视频,首页,25-34岁,935,34,0,93.13,0.0367,2.74,0
2024-01-25,视频,侧边栏,35-44岁,930,23,0,46.64,0.0254,2.03,0
2024-01-25,信息流,底部,55岁以上,1166,23,0,63.55,0.0205,2.76,0
2024-01-25,横幅,开屏,55岁以上,709,14,0,40.73,0.0204,2.91,0
2024-01-25,信息流,侧边栏,35-44岁,1279,31,0,82.63,0.0245,2.67,0
2024-01-25,信息流,信息流,35-44岁,1166,34,0,88.21,0.0293,2.59,0
2024-01-25,图片,信息流,35-44岁,871,20,0,41.78,0.024,2.09,0
2024-01-25,信息流,开屏,18-24岁,1347,40,0,93.44,0.0299,2.34,0
2024-01-25,横幅,底部,45-54岁,586,6,0,15.96,0.0109,2.66,0
2024-01-25,横幅,侧边栏,55岁以上,534,6,0,12.74,0.0125,2.12,0
2024-01-25,视频,开屏,45-54岁,717,26,0,55.75,0.0369,2.14,0
2024-01-25,信息流,开屏,18-24岁,1102,37,0,96.66,0.0341,2.61,0
2024-01-25,信息流,底部,18-24岁,1003,21,0,57.99,0.0218,2.76,0
2024-01-25,视频,信息流,25-34岁,686,21,0,51.23,0.0309,2.44,0
2024-01-25,横幅,信息流,35-44岁,617,9,0,26.18,0.0152,2.91,0
2024-01-25,信息流,信息流,55岁以上,977,24,0,70.1,0.0251,2.92,0
2024-01-25,原生,底部,35-44岁,857,15,0,43.64,0.0176,2.91,0
2024-01-25,图片,首页,18-24岁,925,23,0,63.79,0.0258,2.77,0
2024-01-25,横幅,信息流,45-54岁,513,8,0,18.84,0.016,2.36,0
2024-01-25,视频,侧边栏,55岁以上,834,24,0,71.87,0.0295,2.99,0
2024-01-25,原生,信息流,45-54岁,938,21,0,54.01,0.0228,2.57,0
2024-01-25,信息流,首页,55岁以上,1230,39,0,85.35,0.0322,2.19,0
2024-01-25,原生,底部,45-54岁,739,13,0,28.6,0.0188,2.2,0
2024-01-25,信息流,侧边栏,35-44岁,1315,29,0,59.23,0.0222,2.04,0
2024-01-25,横幅,信息流,25-34岁,519,8,0,23.75,0.0156,2.97,0
2024-01-25,原生,信息流,55岁以上,810,19,0,50.93,0.0245,2.68,0
2024-01-25,图片,底部,35-44岁,1041,17,0,43.12,0.017,2.54,0
2024-01-25,视频,开屏,55岁以上,657,26,0,74.07,0.0401,2.85,0
2024-01-25,信息流,信息流,35-44岁,1038,27,0,72.95,0.0267,2.7,0
2024-01-25,图片,信息流,35-44岁,1170,27,0,72.81,0.0233,2.7,0
2024-01-25,视频,底部,45-54岁,752,19,0,52.34,0.0255,2.75,0
2024-01-25,信息流,信息流,35-44岁,1297,38,0,79.77,0.0299,2.1,0
2024-01-25,图片,首页,18-24岁,1105,27,0,60.71,0.0247,2.25,0
2024-01-26,信息流,信息流,55岁以上,1426,40,0,119.11,0.0281,2.98,0
2024-01-26,横幅,首页,55岁以上,494,9,0,23.09,0.0198,2.57,0
2024-01-26,视频,开屏,55岁以上,841,34,0,80.09,0.0405,2.36,0
2024-01-26,信息流,首页,35-44岁,1193,33,0,67.51,0.0283,2.05,0
2024-01-26,原生,底部,18-24岁,761,14,0,41.48,0.0193,2.96,0
2024-01-26,信息流,信息流,55岁以上,1176,30,0,60.63,0.0261,2.02,0
2024-01-26,原生,首页,45-54岁,751,18,0,49.91,0.0251,2.77,0
2024-01-26,视频,开屏,25-34岁,718,29,0,85.49,0.0407,2.95,0
2024-01-26,视频,首页,18-24岁,736,28,0,71.94,0.0393,2.57,0
2024-01-26,信息流,底部,18-24岁,1409,29,0,82.92,0.021,2.86,0
2024-01-26,图片,侧边栏,55岁以上,1199,23,0,57.61,0.0194,2.5,0
2024-01-26,原生,侧边栏,55岁以上,725,14,0,35.69,0.0206,2.55,0
2024-01-26,视频,开屏,55岁以上,857,32,0,92.13,0.0382,2.88,0
2024-01-26,原生,首页,18-24岁,814,20,0,57.71,0.0246,2.89,0
2024-01-26,信息流,信息流,55岁以上,1426,42,0,89.72,0.0297,2.14,0
2024-01-26,信息流,信息流,35-44岁,1318,36,0,78.02,0.0276,2.17,0
2024-01-26,图片,首页,25-34岁,1124,25,0,73.37,0.0228,2.93,0
2024-01-26,原生,底部,25-34岁,859,13,0,30.14,0.0161,2.32,0
2024-01-26,横幅,开屏,55岁以上,539,10,0,21.4,0.0194,2.14,0
2024-01-26,横幅,开屏,25-34岁,659,11,0,30.7,0.018,2.79,0
2024-01-26,横幅,首页,55岁以上,654,11,0,29.71,0.0172,2.7,0
2024-01-26,信息流,开屏,35-44岁,1096,36,0,76.3,0.033,2.12,0
2024-01-26,横幅,首页,45-54岁,650,11,0,25.54,0.0178,2.32,0
2024-01-26,横幅,首页,55岁以上,611,11,0,32.59,0.0192,2.96,0
2024-01-26,横幅,首页,45-54岁,598,9,0,24.24,0.0165,2.69,0
2024-01-26,横幅,信息流,45-54岁,516,8,0,23.6,0.0173,2.95,0
2024-01-26,横幅,信息流,55岁以上,530,8,0,20.44,0.0154,2.56,0
2024-01-26,视频,底部,55岁以上,904,19,0,49.74,0.0218,2.62,0
2024-01-26,视频,首页,25-34岁,811,29,0,85.7,0.0358,2.96,0
2024-01-27,原生,开屏,18-24岁,842,24,0,65.48,0.0296,2.73,0
2024-01-27,信息流,信息流,18-24岁,1133,33,0,82.36,0.0299,2.5,0
2024-01-27,视频,信息流,25-34岁,695,23,0,64.62,0.0331,2.81,0
2024-01-27,信息流,开屏,45-54岁,1159,35,0,101.67,0.0306,2.9,0
2024-01-27,横幅,侧边栏,18-24岁,628,7,0,20.99,0.0125,3.0,0
2024-01-27,横幅,首页,55岁以上,697,13,0,28.2,0.0197,2.17,0
2024-01-27,信息流,信息流,18-24岁,1045,29,0,63.86,0.028,2.2,0
2024-01-27,原生,信息流,25-34岁,833,21,0,52.24,0.0252,2.49,0
2024-01-27,图片,首页,25-34岁,1130,27,0,56.27,0.024,2.08,0
2024-01-27,视频,开屏,55岁以上,667,24,0,68.82,0.0367,2.87,0
2024-01-27,横幅,开屏,25-34岁,618,12,0,34.8,0.02,2.9,0
2024-01-27,原生,信息流,18-24岁,759,19,0,38.31,0.0262,2.02,0
2024-01-27,原生,信息流,25-34岁,1028,26,0,64.38,0.0257,2.48,0
2024-01-27,信息流,底部,18-24岁,1371,26,0,59.49,0.0193,2.29,0
2024-01-27,横幅,开屏,35-44岁,706,13,0,35.33,0.0193,2.72,0
2024-01-27,原生,开屏,55岁以上,801,23,0,56.18,0.0287,2.44,0
2024-01-27,视频,侧边栏,35-44岁,734,20,0,49.6,0.0278,2.48,0
2024-01-27,视频,开屏,45-54岁,680,24,0,71.87,0.0354,2.99,0
2024-01-27,图片,底部,45-54岁,925,14,0,37.62,0.0152,2.69,0
2024-01-27,原生,信息流,35-44岁,1035,27,0,80.39,0.0266,2.98,0
2024-01-27,图片,开屏,35-44岁,904,22,0,53.72,0.0251,2.44,0
2024-01-27,信息流,侧边栏,18-24岁,1223,29,0,71.94,0.0243,2.48,0
2024-01-27,原生,首页,25-34岁,1070,29,0,77.72,0.0272,2.68,0
2024-01-27,视频,信息流,55岁以上,821,29,0,86.74,0.0362,2.99,0
2024-01-27,视频,侧边栏,35-44岁,799,20,0,59.47,0.0256,2.97,0
2024-01-27,横幅,底部,55岁以上,537,6,0,15.3,0.0121,2.55,0
2024-01-27,原生,侧边栏,45-54岁,765,15,0,36.09,0.0203,2.41,0
2024-01-27,图片,侧边栏,18-24岁,984,16,0,39.97,0.0166,2.5,0
2024-01-27,信息流,侧边栏,35-44岁,965,21,0,44.86,0.0226,2.14,0
2024-01-27,原生,底部,18-24岁,934,15,0,44.58,0.0168,2.97,0
2024-01-28,原生,底部,35-44岁,727,12,0,29.31,0.0176,2.44,0
2024-01-28,视频,底部,25-34岁,930,21,0,45.12,0.0229,2.15,0
2024-01-28,视频,信息流,25-34岁,782,25,0,64.71,0.0321,2.59,0
2024-01-28,横幅,首页,25-34岁,708,12,0,34.6,0.0171,2.88,0
2024-01-28,信息流,开屏,18-24岁,1291,45,0,119.07,0.0351,2.65,0
2024-01-28,信息流,开屏,35-44岁,972,29,0,82.95,0.0307,2.86,0
2024-01-28,信息流,首页,18-24岁,1282,37,0,101.75,0.0294,2.75,0
2024-01-28,原生,信息流,55岁以上,745,17,0,43.97,0.0241,2.59,0
2024-01-28,横幅,开屏,35-44岁,700,13,0,31.51,0.0195,2.42,0
2024-01-28,信息流,首页,45-54岁,1229,39,0,98.24,0.032,2.52,0
2024-01-28,原生,底部,25-34岁,869,14,0,37.4,0.0167,2.67,0
2024-01-28,视频,首页,25-34岁,801,29,0,82.45,0.0369,2.84,0
2024-01-28,信息流,首页,25-34岁,1427,46,0,126.97,0.0323,2.76,0
2024-01-28,视频,开屏,25-34岁,896,36,0,96.7,0.0405,2.69,0
2024-01-28,图片,底部,55岁以上,994,16,0,38.32,0.0165,2.4,0
2024-01-28,视频,首页,25-34岁,685,25,0,62.79,0.0378,2.51,0
2024-01-28,横幅,首页,35-44岁,613,11,0,32.13,0.018,2.92,0
2024-01-28,视频,底部,45-54岁,885,22,0,57.16,0.026,2.6,0
2024-01-28,原生,底部,25-34岁,1077,19,0,56.98,0.0182,3.0,0
2024-01-28,视频,信息流,35-44岁,660,21,0,46.47,0.032,2.21,0
2024-01-28,视频,开屏,45-54岁,701,28,0,78.44,0.0401,2.8,0
2024-01-28,图片,侧边栏,18-24岁,983,17,0,34.92,0.0174,2.05,0
2024-01-28,横幅,首页,55岁以上,582,9,0,21.27,0.0164,2.36,0
2024-01-29,信息流,首页,18-24岁,1076,31,0,84.36,0.029,2.72,0
2024-01-29,横幅,底部,55岁以上,590,7,0,14.36,0.0123,2.05,0
2024-01-29,横幅,首页,18-24岁,599,9,0,21.46,0.0163,2.38,0
2024-01-29,视频,首页,25-34岁,947,35,0,71.42,0.0377,2.04,0
2024-01-29,横幅,首页,25-34岁,549,9,0,20.09,0.0169,2.23,0
2024-01-29,图片,信息流,45-54岁,926,22,0,44.39,0.0241,2.02,0
2024-01-29,信息流,侧边栏,25-34岁,1302,31,0,75.7,0.0243,2.44,0
2024-01-29,横幅,信息流,55岁以上,586,9,0,19.02,0.0158,2.11,0
2024-01-29,原生,开屏,25-34岁,881,22,0,58.78,0.0259,2.67,0
2024-01-29,视频,信息流,35-44岁,909,28,0,58.81,0.0308,2.1,0
2024-01-29,横幅,侧边栏,25-34岁,564,7,0,20.09,0.0133,2.87,0
2024-01-29,视频,底部,18-24岁,698,17,0,47.28,0.0244,2.78,0
2024-01-29,图片,底部,25-34岁,825,14,0,41.26,0.0172,2.95,0
2024-01-29,视频,侧边栏,18-24岁,844,21,0,52.26,0.0249,2.49,0
2024-01-29,视频,首页,55岁以上,763,27,0,72.96,0.0363,2.7,0
2024-01-29,信息流,侧边栏,25-34岁,1316,29,0,80.91,0.0222,2.79,0
2024-01-29,横幅,侧边栏,55岁以上,690,9,0,18.99,0.0136,2.11,0
2024-01-29,原生,侧边栏,55岁以上,828,17,0,42.49,0.0215,2.5,0
2024-01-29,图片,首页,45-54岁,1184,29,0,62.85,0.0246,2.17,0
2024-01-29,图片,底部,55岁以上,879,14,0,38.46,0.016,2.75,0
2024-01-29,原生,首页,25-34岁,748,18,0,37.16,0.0242,2.06,0
2024-01-29,信息流,底部,55岁以上,986,19,0,46.59,0.02,2.45,0
2024-01-29,图片,侧边栏,55岁以上,995,19,0,39.06,0.0194,2.06,0
2024-01-29,横幅,首页,45-54岁,482,7,0,18.46,0.0163,2.64,0
2024-01-29,原生,信息流,55岁以上,723,16,0,46.46,0.0221,2.9,0
2024-01-29,横幅,开屏,25-34岁,640,11,0,23.02,0.0186,2.09,0
2024-01-29,信息流,首页,25-34岁,1299,39,0,105.59,0.0304,2.71,0
2024-01-29,视频,开屏,25-34岁,953,38,0,103.39,0.0405,2.72,0
2024-01-29,横幅,侧边栏,55岁以上,593,8,0,17.36,0.0146,2.17,0
2024-01-29,信息流,首页,45-54岁,1053,28,0,56.71,0.0275,2.03,0
2024-01-29,视频,开屏,45-54岁,732,30,0,62.09,0.0418,2.07,0
2024-01-29,图片,侧边栏,25-34岁,951,17,0,45.23,0.0186,2.66,0
2024-01-29,信息流,开屏,35-44岁,1184,37,0,89.18,0.032,2.41,0
2024-01-29,图片,首页,45-54岁,998,24,0,51.36,0.0246,2.14,0
2024-01-29,横幅,信息流,35-44岁,519,8,0,21.83,0.0173,2.73,0
2024-01-29,信息流,底部,18-24岁,1404,25,0,53.77,0.0183,2.15,0
2024-01-29,横幅,开屏,55岁以上,656,13,0,36.32,0.0205,2.79,0
2024-01-30,横幅,侧边栏,18-24岁,618,7,0,19.39,0.0123,2.77,0
2024-01-30,横幅,侧边栏,25-34岁,495,7,0,16.05,0.0142,2.29,0
2024-01-30,图片,首页,25-34岁,1153,29,0,80.3,0.0255,2.77,0
2024-01-30,视频,底部,18-24岁,882,19,0,50.77,0.0218,2.67,0
2024-01-30,信息流,侧边栏,25-34岁,1234,26,0,53.13,0.0213,2.04,0
2024-01-30,横幅,开屏,18-24岁,542,10,0,20.72,0.0191,2.07,0
2024-01-30,视频,侧边栏,18-24岁,729,20,0,59.98,0.028,3.0,0
2024-01-30,信息流,信息流,35-44岁,1200,32,0,65.28,0.0275,2.04,0
2024-01-30,横幅,开屏,35-44岁,561,11,0,24.32,0.0211,2.21,0
2024-01-30,视频,开屏,35-44岁,925,37,0,80.99,0.0407,2.19,0
2024-01-30,信息流,首页,25-34岁,1131,36,0,84.56,0.0321,2.35,0
2024-01-30,视频,底部,35-44岁,851,22,0,65.95,0.0261,3.0,0
2024-01-30,视频,侧边栏,35-44岁,774,21,0,61.05,0.0276,2.91,0
2024-01-30,横幅,侧边栏,45-54岁,505,6,0,15.17,0.0127,2.53,0
2024-01-30,横幅,侧边栏,35-44岁,532,6,0,16.77,0.0129,2.79,0
2024-01-30,原生,首页,55岁以上,1043,28,0,56.92,0.0277,2.03,0
2024-01-30,图片,底部,45-54岁,899,13,0,30.99,0.0147,2.38,0
2024-01-30,图片,开屏,45-54岁,1187,31,0,69.53,0.0263,2.24,0
2024-01-30,图片,首页,25-34岁,1052,26,0,62.42,0.0254,2.4,0
2024-01-30,图片,底部,35-44岁,1076,18,0,48.93,0.0173,2.72,0
2024-01-30,图片,侧边栏,55岁以上,973,18,0,42.89,0.0188,2.38,0
2024-01-30,横幅,首页,25-34岁,670,12,0,31.89,0.0182,2.66,0
2024-01-30,原生,开屏,45-54岁,1040,27,0,61.37,0.0265,2.27,0
2024-01-30,原生,底部,18-24岁,881,16,0,36.42,0.0186,2.28,0
2024-01-30,横幅,开屏,25-34岁,652,12,0,25.77,0.019,2.15,0
2024-01-30,原生,首页,18-24岁,809,21,0,50.26,0.0266,2.39,0
2024-01-30,信息流,首页,25-34岁,1060,33,0,78.32,0.0313,2.37,0
2024-01-30,信息流,首页,18-24岁,1376,40,0,103.97,0.0298,2.6,0
2024-01-30,视频,信息流,25-34岁,699,23,0,62.96,0.034,2.74,0
2024-01-30,视频,信息流,35-44岁,683,23,0,68.44,0.0345,2.98,0
2024-01-30,视频,信息流,45-54岁,817,27,0,56.91,0.0336,2.11,0
2024-01-31,原生,开屏,45-54岁,834,22,0,64.04,0.0269,2.91,0
2024-01-31,视频,信息流,45-54岁,644,23,0,53.11,0.0359,2.31,0
2024-01-31,图片,首页,35-44岁,1080,24,0,59.01,0.0226,2.46,0
2024-01-31,信息流,底部,25-34岁,1389,26,0,69.76,0.0191,2.68,0
2024-01-31,横幅,侧边栏,35-44岁,670,9,0,25.24,0.0139,2.8,0
2024-01-31,横幅,开屏,25-34岁,510,9,0,19.28,0.0196,2.14,0
2024-01-31,图片,侧边栏,45-54岁,999,19,0,47.82,0.0198,2.52,0
2024-01-31,横幅,首页,18-24岁,608,11,0,31.81,0.0188,2.89,0
2024-01-31,横幅,首页,35-44岁,545,8,0,16.24,0.0164,2.03,0
2024-01-31,原生,底部,45-54岁,939,15,0,44.93,0.017,3.0,0
2024-01-31,原生,首页,55岁以上,863,20,0,55.48,0.0242,2.77,0
2024-01-31,原生,底部,35-44岁,771,14,0,41.13,0.0189,2.94,0
2024-01-31,横幅,信息流,25-34岁,664,11,0,25.99,0.0168,2.36,0
2024-01-31,图片,首页,18-24岁,837,18,0,50.61,0.0221,2.81,0
2024-01-31,视频,首页,35-44岁,660,24,0,70.74,0.0376,2.95,0
2024-01-31,视频,首页,25-34岁,764,28,0,78.51,0.037,2.8,0
2024-01-31,原生,开屏,18-24岁,964,30,0,70.54,0.0313,2.35,0
2024-01-31,横幅,首页,45-54岁,585,9,0,18.11,0.0164,2.01,0
2024-01-31,横幅,开屏,45-54岁,617,11,0,32.76,0.0188,2.98,0
2024-01-31,横幅,信息流,55岁以上,612,10,0,28.48,0.0167,2.85,0
2024-01-31,横幅,底部,35-44岁,567,7,0,15.89,0.0129,2.27,0
2024-01-31,图片,底部,18-24岁,1043,16,0,42.25,0.0163,2.64,0
2024-01-31,原生,侧边栏,35-44岁,1064,21,0,60.55,0.0197,2.88,0
2024-01-31,图片,信息流,45-54岁,899,21,0,43.25,0.0241,2.06,0
2024-01-31,信息流,底部,55岁以上,1125,23,0,65.66,0.0208,2.85,0
2024-01-31,信息流,开屏,55岁以上,1077,31,0,74.2,0.0294,2.39,0
2024-01-31,视频,首页,18-24岁,953,35,0,103.94,0.0371,2.97,0
2024-01-31,视频,首页,18-24岁,706,26,0,64.31,0.037,2.47,0
2024-01-31,视频,底部,25-34岁,756,18,0,36.38,0.025,2.02,0
2024-01-31,图片,首页,25-34岁,815,19,0,51.18,0.0235,2.69,0
2024-02-01,视频,底部,45-54岁,664,15,0,34.8,0.023,2.32,0
2024-02-01,横幅,首页,25-34岁,544,9,0,25.93,0.0167,2.88,0
2024-02-01,视频,首页,35-44岁,641,21,0,55.13,0.033,2.63,0
2024-02-01,信息流,开屏,18-24岁,1239,43,0,124.12,0.0348,2.89,0
2024-02-01,图片,首页,25-34岁,860,20,0,44.7,0.0241,2.24,0
2024-02-01,横幅,开屏,18-24岁,563,11,0,27.24,0.0212,2.48,0
2024-02-01,图片,底部,55岁以上,1028,16,0,34.08,0.0159,2.13,0
2024-02-01,图片,侧边栏,55岁以上,1107,18,0,52.43,0.017,2.91,0
2024-02-01,视频,首页,35-44岁,756,27,0,66.76,0.0367,2.47,0
2024-02-01,横幅,信息流,55岁以上,489,7,0,20.43,0.0152,2.92,0
2024-02-01,图片,首页,55岁以上,1119,27,0,54.37,0.025,2.01,0
2024-02-01,横幅,底部,55岁以上,544,5,0,12.15,0.011,2.43,0
2024-02-01,视频,首页,25-34岁,779,28,0,80.23,0.037,2.87,0
2024-02-01,横幅,信息流,35-44岁,652,11,0,31.07,0.0177,2.82,0
2024-02-01,横幅,信息流,45-54岁,564,9,0,26.77,0.0176,2.97,0
2024-02-01,横幅,侧边栏,35-44岁,520,7,0,20.42,0.0141,2.92,0
2024-02-01,图片,底部,45-54岁,1114,17,0,36.54,0.0154,2.15,0
2024-02-01,视频,信息流,25-34岁,807,25,0,54.07,0.0316,2.16,0
2024-02-01,视频,开屏,25-34岁,855,31,0,88.42,0.0371,2.85,0
2024-02-01,信息流,信息流,18-24岁,1118,32,0,65.79,0.0294,2.06,0
2024-02-01,原生,信息流,18-24岁,960,22,0,45.39,0.0234,2.06,0
2024-02-01,横幅,侧边栏,35-44岁,712,9,0,25.49,0.0131,2.83,0
2024-02-01,信息流,开屏,18-24岁,1384,42,0,101.64,0.0307,2.42,0
2024-02-01,图片,信息流,18-24岁,994,22,0,53.24,0.0226,2.42,0
2024-02-01,横幅,底部,45-54岁,716,8,0,19.93,0.0122,2.49,0
2024-02-01,信息流,底部,45-54岁,1154,24,0,71.87,0.0209,2.99,0
2024-02-01,信息流,底部,45-54岁,1068,20,0,41.66,0.0191,2.08,0
2024-02-01,图片,信息流,35-44岁,1067,24,0,68.17,0.0233,2.84,0
2024-02-01,信息流,侧边栏,25-34岁,1227,30,0,67.82,0.0247,2.26,0
2024-02-01,信息流,开屏,18-24岁,1377,47,0,139.69,0.0348,2.97,0
2024-02-01,横幅,信息流,45-54岁,569,8,0,23.68,0.0155,2.96,0
2024-02-01,信息流,底部,45-54岁,966,18,0,52.04,0.0194,2.89,0
2024-02-01,横幅,底部,55岁以上,576,7,0,14.26,0.013,2.04,0
2024-02-01,视频,开屏,25-34岁,959,40,0,117.14,0.0423,2.93,0
2024-02-01,原生,信息流,25-34岁,835,19,0,51.6,0.0236,2.72,0
2024-02-01,视频,首页,35-44岁,717,25,0,63.55,0.0353,2.54,0
2024-02-01,横幅,底部,55岁以上,570,7,0,18.05,0.0128,2.58,0
2024-02-01,图片,底部,18-24岁,1046,16,0,32.08,0.0155,2.01,0
2024-02-01,视频,开屏,35-44岁,840,31,0,86.63,0.038,2.79,0
2024-02-01,横幅,底部,25-34岁,715,9,0,20.13,0.0127,2.24,0
2024-02-01,视频,底部,55岁以上,892,22,0,53.65,0.0252,2.44,0
2024-02-01,信息流,开屏,18-24岁,1156,34,0,81.08,0.0295,2.38,0
2024-02-01,信息流,首页,35-44岁,967,26,0,67.42,0.0272,2.59,0
2024-02-01,视频,开屏,25-34岁,888,36,0,84.89,0.0416,2.36,0
2024-02-01,信息流,底部,35-44岁,1013,20,0,55.41,0.0207,2.77,0
2024-02-01,横幅,侧边栏,25-34岁,601,8,0,23.74,0.0135,2.97,0
2024-02-01,原生,信息流,25-34岁,730,16,0,45.62,0.0231,2.85,0
2024-02-01,图片,底部,18-24岁,826,12,0,27.47,0.0154,2.29,0
2024-02-01,信息流,首页,25-34岁,1397,44,0,101.42,0.032,2.3,0
2024-02-01,原生,侧边栏,45-54岁,823,16,0,32.98,0.0205,2.06,0
2024-02-01,图片,侧边栏,55岁以上,848,16,0,41.35,0.0191,2.58,0
2024-02-01,原生,首页,45-54岁,877,22,0,46.7,0.0254,2.12,0
2024-02-01,横幅,信息流,45-54岁,650,10,0,25.65,0.0163,2.57,0
2024-02-02,信息流,底部,45-54岁,1209,25,0,55.72,0.0209,2.23,0
2024-02-02,原生,开屏,55岁以上,963,28,0,77.2,0.0293,2.76,0
2024-02-02,信息流,底部,55岁以上,1384,29,0,66.95,0.0211,2.31,0
2024-02-02,横幅,底部,18-24岁,495,5,0,12.63,0.0116,2.53,0
2024-02-02,原生,底部,18-24岁,862,15,0,36.9,0.0185,2.46,0
2024-02-02,横幅,信息流,18-24岁,672,11,0,25.52,0.0172,2.32,0
2024-02-02,图片,信息流,55岁以上,876,17,0,42.84,0.02,2.52,0
2024-02-02,横幅,侧边栏,55岁以上,715,9,0,26.74,0.0137,2.97,0
2024-02-02,图片,底部,45-54岁,859,14,0,33.22,0.0171,2.37,0
2024-02-02,横幅,开屏,35-44岁,492,9,0,23.84,0.0186,2.65,0
2024-02-02,原生,首页,25-34岁,883,21,0,53.74,0.0239,2.56,0
2024-02-02,横幅,底部,35-44岁,572,7,0,14.29,0.0126,2.04,0
2024-02-02,横幅,侧边栏,25-34岁,620,7,0,18.18,0.0123,2.6,0
2024-02-02,原生,侧边栏,25-34岁,854,15,0,43.84,0.0185,2.92,0
2024-02-02,信息流,侧边栏,55岁以上,1103,27,0,71.16,0.0246,2.64,0
2024-02-02,原生,信息流,45-54岁,847,20,0,54.24,0.0237,2.71,0
2024-02-02,图片,底部,18-24岁,973,16,0,37.08,0.0174,2.32,0
2024-02-02,视频,开屏,45-54岁,769,28,0,78.44,0.0369,2.8,0
2024-02-02,图片,侧边栏,18-24岁,1038,19,0,40.28,0.0186,2.12,0
2024-02-02,图片,底部,45-54岁,1146,18,0,45.01,0.0161,2.5,0
2024-02-02,横幅,开屏,35-44岁,505,10,0,23.48,0.0208,2.35,0
2024-02-02,视频,底部,18-24岁,794,18,0,37.55,0.023,2.09,0
2024-02-02,图片,侧边栏,55岁以上,857,16,0,35.58,0.0189,2.22,0
2024-02-02,原生,侧边栏,25-34岁,1077,21,0,46.82,0.0202,2.23,0
2024-02-02,视频,信息流,25-34岁,728,22,0,59.08,0.031,2.69,0
2024-02-02,图片,首页,25-34岁,1188,30,0,78.81,0.0253,2.63,0
2024-02-02,信息流,首页,45-54岁,1281,36,0,83.65,0.0281,2.32,0
2024-02-02,视频,开屏,35-44岁,812,33,0,92.36,0.0416,2.8,0
2024-02-02,横幅,首页,55岁以上,498,8,0,22.63,0.0169,2.83,0
2024-02-02,原生,侧边栏,45-54岁,918,16,0,37.36,0.018,2.34,0
2024-02-02,原生,首页,45-54岁,762,19,0,50.68,0.0251,2.67,0
2024-02-02,横幅,开屏,35-44岁,490,9,0,24.43,0.0203,2.71,0
2024-02-02,图片,开屏,45-54岁,965,24,0,67.51,0.0258,2.81,0
2024-02-02,信息流,首页,45-54岁,1354,37,0,97.52,0.0276,2.64,0
2024-02-02,信息流,开屏,35-44岁,1141,40,0,114.83,0.0353,2.87,0
2024-02-02,原生,开屏,45-54岁,803,20,0,51.53,0.0261,2.58,0
2024-02-02,原生,侧边栏,25-34岁,824,14,0,35.99,0.0178,2.57,0
2024-02-03,横幅,信息流,45-54岁,508,8,0,22.9,0.0172,2.86,0
2024-02-03,横幅,开屏,25-34岁,520,9,0,23.58,0.0179,2.62,0
2024-02-03,横幅,开屏,25-34岁,627,11,0,23.22,0.0188,2.11,0
2024-02-03,信息流,首页,35-44岁,1054,34,0,89.25,0.0327,2.63,0
2024-02-03,原生,首页,55岁以上,881,21,0,58.04,0.0246,2.76,0
2024-02-03,图片,首页,25-34岁,1012,22,0,49.47,0.0225,2.25,0
2024-02-03,图片,信息流,18-24岁,947,18,0,52.38,0.0198,2.91,0
2024-02-03,信息流,信息流,55岁以上,997,29,0,71.7,0.0296,2.47,0
2024-02-03,原生,底部,25-34岁,812,15,0,42.1,0.0187,2.81,0
2024-02-03,横幅,侧边栏,25-34岁,616,8,0,20.95,0.0134,2.62,0
2024-02-03,视频,首页,55岁以上,838,31,0,79.95,0.0379,2.58,0
2024-02-03,视频,信息流,45-54岁,785,24,0,55.79,0.0307,2.32,0
2024-02-03,视频,信息流,35-44岁,933,32,0,67.84,0.0344,2.12,0
2024-02-03,信息流,开屏,55岁以上,1304,44,0,111.03,0.0341,2.52,0
2024-02-03,原生,首页,45-54岁,993,25,0,66.66,0.026,2.67,0
2024-02-03,图片,首页,35-44岁,925,24,0,49.48,0.0263,2.06,0
2024-02-03,信息流,信息流,45-54岁,1385,39,0,106.14,0.0286,2.72,0
2024-02-03,横幅,底部,18-24岁,482,5,0,11.63,0.0113,2.33,0
2024-02-03,视频,首页,55岁以上,769,26,0,52.66,0.0347,2.03,0
2024-02-03,原生,底部,35-44岁,893,14,0,32.31,0.0166,2.31,0
2024-02-03,横幅,底部,55岁以上,599,7,0,20.52,0.0118,2.93,0
2024-02-03,信息流,底部,25-34岁,1281,24,0,51.14,0.0193,2.13,0
2024-02-03,视频,开屏,35-44岁,806,29,0,85.15,0.0371,2.94,0
2024-02-03,信息流,首页,35-44岁,1298,40,0,93.46,0.031,2.34,0
2024-02-03,横幅,首页,18-24岁,635,12,0,24.64,0.0197,2.05,0
2024-02-03,原生,底部,18-24岁,1019,17,0,39.14,0.0169,2.3,0
2024-02-03,信息流,开屏,35-44岁,1224,40,0,86.83,0.0332,2.17,0
2024-02-03,图片,首页,25-34岁,957,23,0,63.05,0.0249,2.74,0
2024-02-03,视频,底部,25-34岁,920,22,0,57.86,0.0248,2.63,0
2024-02-03,视频,底部,25-34岁,672,15,0,39.27,0.0224,2.62,0
2024-02-03,横幅,底部,18-24岁,647,7,0,17.37,0.0118,2.48,0
2024-02-03,信息流,开屏,35-44岁,1226,36,0,83.94,0.0294,2.33,0
2024-02-03,图片,首页,18-24岁,834,18,0,36.95,0.0216,2.05,0
2024-02-03,原生,开屏,25-34岁,851,26,0,72.14,0.031,2.77,0
2024-02-03,原生,首页,35-44岁,888,21,0,48.31,0.0242,2.3,0
2024-02-03,横幅,侧边栏,55岁以上,564,7,0,14.74,0.0133,2.11,0
2024-02-03,图片,信息流,18-24岁,1150,27,0,62.39,0.0236,2.31,0
2024-02-03,图片,开屏,18-24岁,901,23,0,63.01,0.0263,2.74,0
2024-02-03,横幅,信息流,55岁以上,696,12,0,31.05,0.0181,2.59,0
2024-02-03,图片,信息流,25-34岁,1075,22,0,47.41,0.0212,2.15,0
2024-02-03,信息流,信息流,18-24岁,1015,29,0,63.39,0.0292,2.19,0
2024-02-03,图片,首页,25-34岁,871,18,0,39.45,0.0218,2.19,0
2024-02-04,横幅,首页,18-24岁,523,8,0,19.18,0.0166,2.4,0
2024-02-04,图片,底部,55岁以上,1021,16,0,37.83,0.0158,2.36,0
2024-02-04,图片,开屏,45-54岁,812,19,0,49.44,0.0239,2.6,0
2024-02-04,原生,底部,35-44岁,1027,17,0,46.88,0.0175,2.76,0
2024-02-04,横幅,侧边栏,55岁以上,597,7,0,20.98,0.013,3.0,0
2024-02-04,信息流,开屏,35-44岁,1189,42,0,108.45,0.0356,2.58,0
2024-02-04,横幅,侧边栏,45-54岁,524,7,0,14.53,0.0134,2.08,0
2024-02-04,图片,侧边栏,25-34岁,892,16,0,33.03,0.0187,2.06,0
2024-02-04,横幅,开屏,35-44岁,593,10,0,21.1,0.0176,2.11,0
2024-02-04,视频,侧边栏,18-24岁,938,22,0,57.99,0.0244,2.64,0
2024-02-04,横幅,开屏,25-34岁,594,10,0,27.14,0.0179,2.71,0
2024-02-04,视频,开屏,25-34岁,796,28,0,68.63,0.0362,2.45,0
2024-02-04,原生,底部,55岁以上,1037,16,0,42.77,0.0158,2.67,0
2024-02-04,横幅,信息流,55岁以上,652,11,0,32.56,0.0174,2.96,0
2024-02-04,原生,底部,45-54岁,932,16,0,37.44,0.0176,2.34,0
2024-02-04,原生,信息流,35-44岁,1044,25,0,71.12,0.0244,2.84,0
2024-02-04,横幅,底部,25-34岁,481,6,0,15.14,0.0126,2.52,0
2024-02-04,原生,首页,55岁以上,759,19,0,54.68,0.0262,2.88,0
2024-02-04,图片,开屏,18-24岁,1135,26,0,53.26,0.0238,2.05,0
2024-02-04,图片,首页,25-34岁,1089,27,0,66.28,0.025,2.45,0
2024-02-04,信息流,信息流,18-24岁,1210,30,0,80.11,0.0249,2.67,0
2024-02-04,横幅,开屏,25-34岁,692,13,0,34.0,0.0201,2.62,0
2024-02-05,视频,开屏,25-34岁,642,26,0,53.75,0.0406,2.07,0
2024-02-05,原生,开屏,45-54岁,826,22,0,56.54,0.0269,2.57,0
2024-02-05,图片,底部,18-24岁,960,16,0,33.48,0.0171,2.09,0
2024-02-05,原生,开屏,45-54岁,760,20,0,40.95,0.0274,2.05,0
2024-02-05,横幅,开屏,25-34岁,527,10,0,24.91,0.0208,2.49,0
2024-02-05,横幅,开屏,35-44岁,685,13,0,26.16,0.0196,2.01,0
2024-02-05,信息流,开屏,45-54岁,1036,31,0,72.37,0.0306,2.33,0
2024-02-05,图片,信息流,45-54岁,817,17,0,46.7,0.0215,2.75,0
2024-02-05,视频,首页,18-24岁,910,34,0,85.05,0.0378,2.5,0
2024-02-05,视频,首页,55岁以上,916,33,0,97.75,0.0366,2.96,0
2024-02-05,图片,底部,45-54岁,1155,17,0,44.99,0.0148,2.65,0
2024-02-05,图片,信息流,35-44岁,958,20,0,40.69,0.0212,2.03,0
2024-02-05,视频,信息流,45-54岁,792,24,0,55.71,0.031,2.32,0
2024-02-05,原生,底部,55岁以上,924,15,0,36.42,0.0165,2.43,0
2024-02-05,原生,开屏,18-24岁,1079,28,0,65.24,0.0266,2.33,0
2024-02-05,横幅,信息流,25-34岁,519,8,0,19.03,0.0173,2.38,0
2024-02-05,图片,底部,18-24岁,867,15,0,30.07,0.0175,2.0,0
2024-02-05,信息流,侧边栏,35-44岁,1107,24,0,49.99,0.0222,2.08,0
2024-02-05,横幅,首页,25-34岁,557,10,0,20.54,0.019,2.05,0
2024-02-05,视频,信息流,45-54岁,783,23,0,55.3,0.0298,2.4,0
2024-02-05,原生,底部,25-34岁,747,12,0,24.37,0.0162,2.03,0
2024-02-05,横幅,信息流,18-24岁,640,9,0,19.27,0.0151,2.14,0
2024-02-05,视频,侧边栏,18-24岁,664,17,0,45.4,0.027,2.67,0
2024-02-05,视频,开屏,45-54岁,710,28,0,56.18,0.0397,2.01,0
2024-02-05,图片,信息流,25-34岁,931,20,0,51.13,0.0222,2.56,0
2024-02-05,视频,首页,45-54岁,682,24,0,61.41,0.0357,2.56,0
2024-02-05,图片,开屏,18-24岁,876,23,0,47.22,0.0266,2.05,0
2024-02-05,视频,首页,35-44岁,871,33,0,73.76,0.0381,2.24,0
2024-02-05,图片,底部,35-44岁,927,15,0,42.82,0.017,2.85,0
2024-02-05,图片,首页,35-44岁,978,25,0,65.53,0.0259,2.62,0
2024-02-05,图片,开屏,55岁以上,1024,27,0,77.59,0.0269,2.87,0
2024-02-05,横幅,侧边栏,35-44岁,653,8,0,17.8,0.0124,2.23,0
2024-02-05,视频,信息流,18-24岁,825,24,0,61.23,0.0302,2.55,0
2024-02-05,图片,底部,35-44岁,884,14,0,32.51,0.0169,2.32,0
2024-02-05,原生,开屏,25-34岁,880,24,0,62.13,0.028,2.59,0
2024-02-05,信息流,开屏,45-54岁,1051,32,0,87.44,0.0305,2.73,0
2024-02-05,横幅,开屏,55岁以上,706,14,0,40.51,0.0203,2.89,0
2024-02-05,横幅,开屏,55岁以上,598,11,0,22.92,0.0196,2.08,0
2024-02-05,视频,首页,45-54岁,776,27,0,56.11,0.0351,2.08,0
2024-02-05,原生,底部,25-34岁,959,17,0,46.48,0.0187,2.73,0
2024-02-06,原生,侧边栏,35-44岁,986,19,0,43.76,0.0199,2.3,0
2024-02-06,原生,首页,55岁以上,959,25,0,63.13,0.0268,2.53,0
2024-02-06,视频,首页,55岁以上,921,34,0,100.14,0.0377,2.95,0
2024-02-06,横幅,底部,18-24岁,619,8,0,21.84,0.0131,2.73,0
2024-02-06,横幅,开屏,55岁以上,617,11,0,27.57,0.0194,2.51,0
2024-02-06,图片,侧边栏,55岁以上,927,17,0,44.87,0.0191,2.64,0
2024-02-06,原生,底部,35-44岁,965,16,0,47.34,0.0173,2.96,0
2024-02-06,信息流,信息流,25-34岁,1360,35,0,104.27,0.0263,2.98,0
2024-02-06,图片,信息流,55岁以上,847,17,0,43.58,0.0208,2.56,0
2024-02-06,信息流,信息流,25-34岁,1178,33,0,71.35,0.0287,2.16,0
2024-02-06,图片,开屏,18-24岁,1012,27,0,56.37,0.0276,2.09,0
2024-02-06,原生,首页,25-34岁,875,24,0,56.07,0.0279,2.34,0
2024-02-06,横幅,首页,35-44岁,481,8,0,23.84,0.0185,2.98,0
2024-02-06,原生,底部,35-44岁,1065,17,0,47.36,0.0164,2.79,0
2024-02-06,图片,首页,55岁以上,885,20,0,57.62,0.0229,2.88,0
2024-02-06,横幅,侧边栏,45-54岁,714,9,0,22.66,0.0126,2.52,0
2024-02-06,视频,侧边栏,45-54岁,908,23,0,52.04,0.0263,2.26,0
2024-02-06,原生,首页,18-24岁,776,21,0,43.71,0.0277,2.08,0
2024-02-06,视频,开屏,35-44岁,701,28,0,75.4,0.0404,2.69,0
2024-02-06,图片,底部,18-24岁,886,14,0,34.74,0.0163,2.48,0
2024-02-06,视频,侧边栏,45-54岁,946,26,0,61.06,0.0285,2.35,0
2024-02-06,视频,底部,55岁以上,792,17,0,35.76,0.0223,2.1,0
2024-02-06,图片,信息流,45-54岁,1004,20,0,43.34,0.02,2.17,0
2024-02-06,原生,侧边栏,45-54岁,900,16,0,40.51,0.0179,2.53,0
2024-02-06,图片,开屏,45-54岁,818,20,0,40.17,0.025,2.01,0
2024-02-06,信息流,开屏,25-34岁,1201,40,0,80.3,0.0337,2.01,0
2024-02-06,原生,开屏,25-34岁,743,19,0,42.93,0.0265,2.26,0
2024-02-07,图片,底部,55岁以上,816,13,0,34.47,0.0168,2.65,0
2024-02-07,图片,侧边栏,35-44岁,965,16,0,44.73,0.0174,2.8,0
2024-02-07,视频,信息流,35-44岁,711,21,0,54.67,0.0304,2.6,0
2024-02-07,信息流,底部,45-54岁,986,20,0,57.69,0.0205,2.88,0
2024-02-07,视频,信息流,35-44岁,898,28,0,69.58,0.0314,2.48,0
2024-02-07,横幅,开屏,45-54岁,659,13,0,36.44,0.0203,2.8,0
2024-02-07,视频,开屏,35-44岁,892,33,0,92.26,0.0377,2.8,0
2024-02-07,图片,侧边栏,45-54岁,1098,21,0,53.93,0.0194,2.57,0
2024-02-07,横幅,侧边栏,45-54岁,609,7,0,17.8,0.0131,2.54,0
2024-02-07,横幅,底部,18-24岁,627,6,0,17.51,0.0109,2.92,0
2024-02-07,原生,底部,55岁以上,827,14,0,40.27,0.017,2.88,0
2024-02-07,横幅,底部,45-54岁,716,9,0,24.05,0.0126,2.67,0
2024-02-07,横幅,首页,25-34岁,485,8,0,23.17,0.0178,2.9,0
2024-02-07,原生,底部,25-34岁,943,17,0,34.91,0.019,2.05,0
2024-02-07,横幅,首页,35-44岁,648,11,0,31.88,0.0183,2.9,0
2024-02-07,视频,侧边栏,18-24岁,763,21,0,52.59,0.0275,2.5,0
2024-02-07,横幅,底部,35-44岁,525,6,0,17.01,0.0122,2.83,0
2024-02-07,原生,侧边栏,18-24岁,930,17,0,44.54,0.0185,2.62,0
2024-02-07,横幅,信息流,55岁以上,668,11,0,29.29,0.0166,2.66,0
2024-02-07,图片,开屏,45-54岁,1001,27,0,77.02,0.0271,2.85,0
2024-02-07,图片,首页,55岁以上,1111,28,0,80.64,0.0254,2.88,0
2024-02-07,信息流,侧边栏,45-54岁,1200,24,0,48.25,0.0207,2.01,0
2024-02-07,图片,信息流,55岁以上,1148,22,0,45.74,0.0199,2.08,0
2024-02-07,图片,开屏,25-34岁,1054,26,0,53.62,0.0255,2.06,0
2024-02-07,原生,底部,45-54岁,856,14,0,36.23,0.0174,2.59,0
2024-02-07,横幅,底部,35-44岁,510,6,0,15.72,0.0124,2.62,0
2024-02-07,图片,侧边栏,18-24岁,887,15,0,40.86,0.0175,2.72,0
2024-02-07,横幅,首页,35-44岁,693,11,0,27.38,0.017,2.49,0
2024-02-07,图片,开屏,45-54岁,990,28,0,66.92,0.0283,2.39,0
2024-02-07,图片,侧边栏,18-24岁,865,15,0,38.04,0.0179,2.54,0
2024-02-07,横幅,开屏,25-34岁,569,10,0,20.91,0.0179,2.09,0
2024-02-07,横幅,信息流,18-24岁,608,10,0,26.34,0.0174,2.63,0
2024-02-08,横幅,底部,25-34岁,703,8,0,18.43,0.0119,2.3,0
2024-02-08,横幅,底部,25-34岁,625,7,0,18.35,0.0116,2.62,0
2024-02-08,图片,首页,45-54岁,854,19,0,47.31,0.023,2.49,0
2024-02-08,信息流,首页,55岁以上,1143,36,0,84.04,0.0317,2.33,0
2024-02-08,视频,侧边栏,45-54岁,809,22,0,47.3,0.0275,2.15,0
2024-02-08,图片,首页,25-34岁,1062,27,0,66.64,0.0261,2.47,0
2024-02-08,横幅,信息流,25-34岁,616,9,0,18.58,0.0161,2.06,0
2024-02-08,图片,首页,35-44岁,1197,28,0,71.3,0.0239,2.55,0
2024-02-08,信息流,开屏,25-34岁,1387,46,0,100.16,0.0338,2.18,0
2024-02-08,信息流,底部,45-54岁,1051,23,0,54.28,0.0219,2.36,0
2024-02-08,图片,侧边栏,45-54岁,975,16,0,44.86,0.0169,2.8,0
2024-02-08,图片,首页,45-54岁,856,20,0,59.44,0.0239,2.97,0
2024-02-08,横幅,侧边栏,45-54岁,551,6,0,14.73,0.0125,2.45,0
2024-02-08,信息流,侧边栏,45-54岁,1361,33,0,87.06,0.0246,2.64,0
2024-02-08,横幅,底部,25-34岁,651,7,0,20.45,0.0121,2.92,0
2024-02-08,横幅,侧边栏,18-24岁,504,6,0,16.18,0.0127,2.7,0
2024-02-08,横幅,侧边栏,45-54岁,620,8,0,23.16,0.0131,2.89,0
2024-02-08,横幅,开屏,35-44岁,667,13,0,38.63,0.0203,2.97,0
2024-02-08,图片,开屏,25-34岁,1197,29,0,64.43,0.025,2.22,0
2024-02-08,信息流,信息流,55岁以上,1398,40,0,113.02,0.0289,2.83,0
2024-02-08,横幅,侧边栏,45-54岁,564,6,0,14.12,0.0123,2.35,0
2024-02-08,信息流,开屏,45-54岁,1101,33,0,95.6,0.0307,2.9,0
2024-02-08,视频,信息流,45-54岁,713,25,0,73.14,0.0352,2.93,0
2024-02-08,信息流,开屏,18-24岁,1207,36,0,86.63,0.0305,2.41,0
2024-02-08,信息流,首页,25-34岁,1067,33,0,86.18,0.0313,2.61,0
2024-02-08,横幅,首页,45-54岁,674,12,0,29.11,0.0184,2.43,0
2024-02-08,图片,首页,25-34岁,920,20,0,45.11,0.0226,2.26,0
2024-02-08,图片,开屏,35-44岁,1090,27,0,75.9,0.0251,2.81,0
2024-02-08,原生,侧边栏,18-24岁,762,13,0,31.0,0.0182,2.38,0
2024-02-08,原生,信息流,18-24岁,837,19,0,46.97,0.023,2.47,0
2024-02-08,原生,底部,45-54岁,901,15,0,31.72,0.0174,2.11,0
2024-02-08,横幅,首页,55岁以上,538,10,0,28.0,0.0187,2.8,0
2024-02-08,图片,底部,25-34岁,847,14,0,30.29,0.0167,2.16,0
2024-02-08,信息流,侧边栏,25-34岁,1181,29,0,58.94,0.0246,2.03,0
2024-02-08,信息流,侧边栏,18-24岁,1419,29,0,58.41,0.021,2.01,0
2024-02-08,原生,开屏,25-34岁,967,28,0,57.03,0.0295,2.04,0
2024-02-08,横幅,信息流,25-34岁,535,9,0,22.0,0.0176,2.44,0
2024-02-09,横幅,侧边栏,55岁以上,532,6,0,17.48,0.0131,2.91,0
2024-02-09,信息流,开屏,35-44岁,1169,35,0,87.19,0.0303,2.49,0
2024-02-09,原生,首页,55岁以上,950,25,0,54.28,0.0269,2.17,0
2024-02-09,原生,底部,55岁以上,734,13,0,38.33,0.0189,2.95,0
2024-02-09,信息流,侧边栏,18-24岁,1047,24,0,68.43,0.0238,2.85,0
2024-02-09,视频,信息流,35-44岁,803,27,0,56.25,0.0338,2.08,0
2024-02-09,横幅,信息流,25-34岁,696,11,0,29.37,0.016,2.67,0
2024-02-09,横幅,开屏,45-54岁,638,11,0,32.36,0.0176,2.94,0
2024-02-09,图片,开屏,18-24岁,1080,25,0,52.65,0.0238,2.11,0
2024-02-09,横幅,侧边栏,25-34岁,513,6,0,15.51,0.0123,2.58,0
2024-02-09,图片,开屏,35-44岁,983,27,0,66.93,0.0284,2.48,0
2024-02-09,横幅,信息流,45-54岁,698,10,0,23.94,0.0155,2.39,0
2024-02-09,原生,底部,45-54岁,1009,16,0,35.05,0.0161,2.19,0
2024-02-09,信息流,信息流,55岁以上,1377,37,0,107.89,0.0274,2.92,0
2024-02-09,原生,开屏,25-34岁,953,27,0,66.93,0.0286,2.48,0
2024-02-09,信息流,首页,18-24岁,1130,31,0,65.33,0.0279,2.11,0
2024-02-09,图片,底部,45-54岁,833,13,0,29.61,0.016,2.28,0
2024-02-09,原生,底部,25-34岁,937,14,0,39.23,0.0159,2.8,0
2024-02-09,视频,侧边栏,25-34岁,897,24,0,62.32,0.0274,2.6,0
2024-02-09,视频,信息流,18-24岁,683,20,0,56.83,0.0297,2.84,0
2024-02-09,原生,信息流,35-44岁,730,16,0,39.85,0.0231,2.49,0
2024-02-09,原生,首页,25-34岁,832,20,0,47.47,0.025,2.37,0
2024-02-09,视频,开屏,25-34岁,951,36,0,101.3,0.0381,2.81,0
2024-02-09,视频,开屏,55岁以上,913,32,0,79.65,0.0358,2.49,0
2024-02-09,横幅,开屏,55岁以上,662,11,0,26.53,0.0178,2.41,0
2024-02-09,视频,首页,45-54岁,826,30,0,65.11,0.0372,2.17,0
2024-02-09,横幅,首页,55岁以上,541,9,0,21.6,0.0176,2.4,0
2024-02-09,横幅,侧边栏,55岁以上,612,8,0,21.52,0.0134,2.69,0
2024-02-09,横幅,侧边栏,25-34岁,675,9,0,19.71,0.0147,2.19,0
2024-02-09,信息流,侧边栏,55岁以上,1086,23,0,53.89,0.0215,2.34,0
2024-02-09,信息流,底部,45-54岁,1075,20,0,55.03,0.0189,2.75,0
2024-02-09,视频,开屏,45-54岁,940,33,0,77.77,0.036,2.36,0
2024-02-10,横幅,侧边栏,25-34岁,651,9,0,25.2,0.0146,2.8,0
2024-02-10,原生,底部,55岁以上,868,15,0,33.76,0.0181,2.25,0
2024-02-10,视频,侧边栏,55岁以上,849,21,0,45.87,0.0256,2.18,0
2024-02-10,图片,底部,55岁以上,826,13,0,35.64,0.0162,2.74,0
2024-02-10,原生,信息流,55岁以上,983,25,0,51.29,0.0259,2.05,0
2024-02-10,信息流,开屏,45-54岁,1253,41,0,95.98,0.0331,2.34,0
2024-02-10,横幅,开屏,25-34岁,570,11,0,23.52,0.021,2.14,0
2024-02-10,信息流,开屏,25-34岁,1415,43,0,104.81,0.0306,2.44,0
2024-02-10,图片,开屏,25-34岁,801,19,0,41.96,0.0237,2.21,0
2024-02-10,视频,信息流,25-34岁,789,25,0,66.46,0.0318,2.66,0
2024-02-10,原生,首页,18-24岁,885,23,0,52.5,0.0269,2.28,0
2024-02-10,原生,侧边栏,18-24岁,942,18,0,46.29,0.02,2.57,0
2024-02-10,横幅,信息流,35-44岁,562,9,0,26.27,0.0164,2.92,0
2024-02-10,原生,信息流,55岁以上,782,20,0,46.62,0.0262,2.33,0
2024-02-10,图片,首页,35-44岁,897,19,0,52.07,0.0223,2.74,0
2024-02-10,横幅,开屏,18-24岁,488,9,0,24.27,0.0205,2.7,0
2024-02-10,横幅,侧边栏,18-24岁,508,6,0,15.58,0.0132,2.6,0
2024-02-10,横幅,信息流,35-44岁,484,8,0,21.13,0.0171,2.64,0
2024-02-10,横幅,开屏,45-54岁,545,10,0,20.19,0.02,2.02,0
2024-02-10,图片,底部,55岁以上,1097,18,0,50.3,0.0172,2.79,0
2024-02-10,视频,开屏,55岁以上,772,27,0,63.67,0.0359,2.36,0
2024-02-10,横幅,开屏,35-44岁,590,12,0,24.67,0.0207,2.06,0
2024-02-10,视频,底部,18-24岁,641,14,0,30.36,0.0229,2.17,0
2024-02-10,横幅,底部,45-54岁,646,8,0,18.06,0.0124,2.26,0
2024-02-10,信息流,底部,55岁以上,999,18,0,53.45,0.0186,2.97,0
2024-02-10,原生,侧边栏,18-24岁,828,16,0,32.35,0.0197,2.02,0
2024-02-10,横幅,信息流,45-54岁,515,8,0,21.0,0.0173,2.62,0
2024-02-10,图片,首页,45-54岁,972,21,0,61.64,0.0217,2.94,0
2024-02-10,原生,底部,18-24岁,1071,17,0,37.72,0.0165,2.22,0
2024-02-10,视频,底部,45-54岁,665,17,0,36.85,0.0263,2.17,0
2024-02-10,图片,底部,45-54岁,1187,19,0,44.59,0.0161,2.35,0
2024-02-10,信息流,首页,55岁以上,1150,37,0,92.3,0.0328,2.49,0
2024-02-10,信息流,开屏,55岁以上,1059,35,0,82.72,0.0336,2.36,0
2024-02-10,图片,首页,25-34岁,1063,24,0,49.06,0.0233,2.04,0
2024-02-10,信息流,开屏,45-54岁,1080,37,0,97.47,0.0352,2.63,0
2024-02-10,横幅,首页,18-24岁,617,11,0,24.03,0.0179,2.18,0
2024-02-10,横幅,底部,45-54岁,682,7,0,17.38,0.0113,2.48,0
2024-02-10,原生,底部,35-44岁,893,16,0,36.76,0.0187,2.3,0
2024-02-10,图片,底部,45-54岁,1108,18,0,37.38,0.0171,2.08,0
2024-02-10,信息流,底部,55岁以上,1066,23,0,56.46,0.0218,2.45,0
2024-02-11,图片,底部,45-54岁,1100,17,0,44.3,0.0161,2.61,0
2024-02-11,原生,信息流,25-34岁,800,17,0,35.52,0.0223,2.09,0
2024-02-11,横幅,信息流,45-54岁,514,7,0,17.77,0.0153,2.54,0
2024-02-11,信息流,首页,25-34岁,1366,39,0,99.03,0.029,2.54,0
2024-02-11,图片,首页,45-54岁,1091,27,0,59.17,0.0254,2.19,0
2024-02-11,信息流,信息流,35-44岁,1405,42,0,110.09,0.0299,2.62,0
2024-02-11,图片,底部,45-54岁,1137,17,0,42.81,0.0157,2.52,0
2024-02-11,视频,首页,45-54岁,840,31,0,75.31,0.0376,2.43,0
2024-02-11,横幅,侧边栏,45-54岁,523,6,0,14.73,0.0129,2.45,0
2024-02-11,横幅,信息流,45-54岁,688,12,0,29.84,0.018,2.49,0
2024-02-11,视频,底部,35-44岁,783,18,0,49.5,0.0237,2.75,0
2024-02-11,图片,信息流,18-24岁,822,19,0,43.66,0.0237,2.3,0
2024-02-11,信息流,信息流,55岁以上,1124,31,0,80.39,0.0283,2.59,0
2024-02-11,原生,首页,55岁以上,975,24,0,53.73,0.0248,2.24,0
2024-02-11,横幅,底部,45-54岁,505,5,0,13.73,0.011,2.75,0
2024-02-11,图片,侧边栏,45-54岁,1063,20,0,42.74,0.0197,2.14,0
2024-02-11,横幅,侧边栏,55岁以上,650,8,0,21.15,0.0124,2.64,0
2024-02-11,原生,侧边栏,35-44岁,744,14,0,30.58,0.0199,2.18,0
2024-02-11,图片,底部,18-24岁,1159,17,0,49.81,0.0154,2.93,0
2024-02-11,信息流,底部,45-54岁,1415,25,0,61.25,0.0181,2.45,0
2024-02-11,横幅,侧边栏,18-24岁,697,10,0,20.43,0.0144,2.04,0
2024-02-11,原生,底部,35-44岁,1027,17,0,38.68,0.0173,2.28,0
2024-02-11,信息流,开屏,45-54岁,1052,32,0,71.2,0.0309,2.22,0
2024-02-11,图片,首页,55岁以上,892,22,0,44.82,0.0251,2.04,0
2024-02-11,图片,侧边栏,55岁以上,1040,19,0,55.88,0.0188,2.94,0
2024-02-11,原生,侧边栏,45-54岁,882,16,0,39.26,0.0187,2.45,0
2024-02-11,视频,开屏,55岁以上,892,35,0,101.07,0.0402,2.89,0
2024-02-11,横幅,首页,55岁以上,512,9,0,18.9,0.0189,2.1,0
2024-02-11,视频,首页,55岁以上,796,27,0,65.04,0.035,2.41,0
2024-02-12,原生,信息流,25-34岁,786,17,0,46.63,0.022,2.74,0
2024-02-12,原生,首页,18-24岁,811,21,0,50.29,0.027,2.39,0
2024-02-12,图片,侧边栏,45-54岁,1113,21,0,52.68,0.0196,2.51,0
2024-02-12,原生,侧边栏,35-44岁,762,16,0,34.04,0.0218,2.13,0
2024-02-12,图片,首页,45-54岁,912,22,0,49.51,0.0246,2.25,0
2024-02-12,原生,侧边栏,45-54岁,795,17,0,49.45,0.0214,2.91,0
2024-02-12,视频,开屏,55岁以上,904,38,0,100.67,0.0421,2.65,0
2024-02-12,图片,信息流,45-54岁,966,22,0,65.25,0.0233,2.97,0
2024-02-12,原生,侧边栏,25-34岁,980,17,0,36.6,0.018,2.15,0
2024-02-12,原生,底部,25-34岁,971,17,0,43.94,0.0179,2.58,0
2024-02-12,图片,信息流,35-44岁,1042,23,0,66.15,0.0229,2.88,0
2024-02-12,视频,底部,35-44岁,926,24,0,65.59,0.0262,2.73,0
2024-02-12,横幅,底部,55岁以上,647,7,0,19.59,0.0115,2.8,0
2024-02-12,视频,侧边栏,35-44岁,723,18,0,48.61,0.026,2.7,0
2024-02-12,视频,底部,18-24岁,891,19,0,45.67,0.0217,2.4,0
2024-02-12,原生,首页,45-54岁,858,23,0,60.24,0.028,2.62,0
2024-02-12,原生,侧边栏,55岁以上,1079,19,0,41.43,0.0178,2.18,0
2024-02-12,横幅,开屏,18-24岁,663,13,0,32.27,0.0197,2.48,0
2024-02-12,信息流,开屏,35-44岁,1127,33,0,87.84,0.0299,2.66,0
2024-02-12,图片,侧边栏,35-44岁,818,16,0,36.69,0.0196,2.29,0
2024-02-12,信息流,开屏,25-34岁,1280,44,0,118.03,0.0347,2.68,0
2024-02-12,横幅,底部,18-24岁,615,7,0,14.34,0.0124,2.05,0
2024-02-12,原生,首页,45-54岁,1060,26,0,67.71,0.0251,2.6,0
2024-02-12,横幅,侧边栏,18-24岁,564,7,0,15.95,0.0137,2.28,0
2024-02-12,原生,首页,25-34岁,903,25,0,62.73,0.0277,2.51,0
2024-02-12,横幅,底部,45-54岁,578,7,0,18.57,0.0129,2.65,0
2024-02-12,原生,侧边栏,18-24岁,970,18,0,52.85,0.0188,2.94,0
2024-02-12,图片,底部,55岁以上,923,14,0,32.14,0.0157,2.3,0
2024-02-13,横幅,开屏,18-24岁,595,11,0,30.68,0.0186,2.79,0
2024-02-13,横幅,开屏,45-54岁,686,12,0,27.12,0.0178,2.26,0
2024-02-13,视频,侧边栏,18-24岁,786,22,0,44.09,0.0282,2.0,0
2024-02-13,信息流,首页,18-24岁,1143,34,0,80.46,0.0298,2.37,0
2024-02-13,视频,首页,25-34岁,874,30,0,64.55,0.0349,2.15,0
2024-02-13,视频,侧边栏,55岁以上,813,22,0,60.74,0.0277,2.76,0
2024-02-13,原生,侧边栏,45-54岁,806,14,0,40.74,0.0184,2.91,0
2024-02-13,横幅,侧边栏,45-54岁,612,8,0,20.47,0.0137,2.56,0
2024-02-13,信息流,底部,55岁以上,1318,23,0,55.45,0.0181,2.41,0
2024-02-13,信息流,信息流,18-24岁,1005,29,0,82.71,0.0289,2.85,0
2024-02-13,信息流,信息流,18-24岁,1240,35,0,97.79,0.029,2.79,0
2024-02-13,横幅,首页,45-54岁,690,11,0,30.67,0.0167,2.79,0
2024-02-13,视频,底部,35-44岁,870,22,0,57.72,0.0261,2.62,0
2024-02-13,图片,首页,55岁以上,1054,27,0,78.79,0.0262,2.92,0
2024-02-13,信息流,开屏,35-44岁,989,30,0,88.47,0.031,2.95,0
2024-02-13,原生,首页,35-44岁,743,18,0,41.11,0.0243,2.28,0
2024-02-13,视频,首页,18-24岁,738,26,0,71.04,0.0356,2.73,0
2024-02-13,横幅,信息流,45-54岁,712,10,0,23.02,0.0152,2.3,0
2024-02-13,图片,侧边栏,18-24岁,960,16,0,45.82,0.017,2.86,0
2024-02-13,图片,信息流,35-44岁,1036,24,0,51.69,0.024,2.15,0
2024-02-13,图片,首页,18-24岁,1050,26,0,76.17,0.0256,2.93,0
2024-02-13,信息流,信息流,18-24岁,1116,32,0,93.98,0.0294,2.94,0
2024-02-13,信息流,信息流,35-44岁,1136,31,0,75.16,0.0276,2.42,0
2024-02-13,图片,侧边栏,25-34岁,932,16,0,42.66,0.0178,2.67,0
2024-02-13,横幅,首页,18-24岁,640,12,0,32.74,0.0191,2.73,0
2024-02-13,原生,信息流,25-34岁,1006,26,0,54.89,0.0265,2.11,0
2024-02-13,图片,开屏,25-34岁,1013,24,0,54.48,0.0247,2.27,0
2024-02-13,图片,开屏,18-24岁,875,20,0,54.96,0.0239,2.75,0
2024-02-13,原生,首页,45-54岁,725,17,0,34.12,0.0248,2.01,0
2024-02-13,视频,侧边栏,55岁以上,650,16,0,41.88,0.0246,2.62,0
2024-02-13,横幅,首页,45-54岁,489,8,0,19.8,0.018,2.47,0
2024-02-14,原生,开屏,35-44岁,868,24,0,55.18,0.028,2.3,0
2024-02-14,图片,信息流,45-54岁,1166,23,0,46.4,0.0203,2.02,0
2024-02-14,原生,开屏,45-54岁,884,25,0,57.66,0.029,2.31,0
2024-02-14,信息流,开屏,18-24岁,1128,37,0,101.3,0.0332,2.74,0
2024-02-14,视频,底部,18-24岁,945,20,0,43.8,0.0219,2.19,0
2024-02-14,视频,开屏,45-54岁,814,30,0,69.66,0.0375,2.32,0
2024-02-14,图片,信息流,25-34岁,1102,22,0,47.66,0.0205,2.17,0
2024-02-14,视频,信息流,45-54岁,906,31,0,64.97,0.0344,2.1,0
2024-02-14,图片,侧边栏,45-54岁,834,14,0,41.42,0.0176,2.96,0
2024-02-14,视频,底部,25-34岁,707,18,0,49.73,0.0263,2.76,0
2024-02-14,信息流,信息流,18-24岁,1384,37,0,75.32,0.0272,2.04,0
2024-02-14,横幅,信息流,18-24岁,682,12,0,26.69,0.0179,2.22,0
2024-02-14,图片,信息流,45-54岁,806,19,0,55.05,0.024,2.9,0
2024-02-14,原生,开屏,55岁以上,783,22,0,64.49,0.0283,2.93,0
2024-02-14,图片,首页,45-54岁,887,22,0,54.22,0.0255,2.46,0
2024-02-14,视频,信息流,35-44岁,932,31,0,79.39,0.0335,2.56,0
2024-02-14,横幅,底部,55岁以上,604,7,0,15.88,0.0123,2.27,0
2024-02-14,原生,底部,35-44岁,859,14,0,36.26,0.0166,2.59,0
2024-02-14,图片,底部,45-54岁,1158,18,0,49.95,0.016,2.78,0
2024-02-14,横幅,信息流,35-44岁,636,10,0,20.55,0.0162,2.05,0
2024-02-14,信息流,信息流,45-54岁,1306,35,0,70.46,0.0272,2.01,0
2024-02-14,图片,底部,18-24岁,1103,17,0,39.23,0.0156,2.31,0
2024-02-14,原生,开屏,55岁以上,1001,26,0,66.73,0.0264,2.57,0
2024-02-14,视频,底部,55岁以上,854,20,0,53.56,0.0245,2.68,0
2024-02-14,视频,首页,45-54岁,934,36,0,101.43,0.0389,2.82,0
2024-02-14,视频,底部,35-44岁,794,20,0,51.03,0.0262,2.55,0
2024-02-14,横幅,开屏,35-44岁,513,10,0,23.83,0.0212,2.38,0
2024-02-14,视频,信息流,18-24岁,803,27,0,75.19,0.0338,2.78,0
2024-02-14,原生,侧边栏,45-54岁,816,17,0,41.44,0.0211,2.44,0
2024-02-14,视频,底部,25-34岁,894,21,0,61.27,0.0244,2.92,0
2024-02-14,视频,侧边栏,55岁以上,933,27,0,78.18,0.0294,2.9,0
2024-02-14,横幅,信息流,55岁以上,596,9,0,24.98,0.0157,2.78,0
2024-02-14,横幅,侧边栏,55岁以上,683,9,0,19.66,0.0134,2.18,0
2024-02-14,视频,侧边栏,45-54岁,696,20,0,45.55,0.0296,2.28,0
2024-02-14,原生,开屏,45-54岁,992,29,0,61.93,0.0294,2.14,0
2024-02-14,原生,首页,45-54岁,958,24,0,64.23,0.0251,2.68,0
2024-02-14,视频,侧边栏,18-24岁,855,25,0,68.82,0.0297,2.75,0
2024-02-14,横幅,信息流,55岁以上,499,8,0,20.31,0.0177,2.54,0
2024-02-14,横幅,信息流,25-34岁,717,12,0,27.03,0.0167,2.25,0
2024-02-14,原生,侧边栏,45-54岁,892,16,0,41.42,0.019,2.59,0
2024-02-14,横幅,开屏,45-54岁,637,13,0,30.87,0.0204,2.37,0
2024-02-14,视频,底部,55岁以上,850,21,0,50.81,0.0255,2.42,0
2024-02-14,信息流,开屏,55岁以上,1276,40,0,96.46,0.0317,2.41,0
2024-02-15,原生,开屏,35-44岁,793,22,0,46.58,0.0284,2.12,0
2024-02-15,信息流,首页,55岁以上,963,31,0,65.95,0.0329,2.13,0
2024-02-15,横幅,底部,18-24岁,636,8,0,17.94,0.013,2.24,0
2024-02-15,信息流,开屏,35-44岁,1389,44,0,128.08,0.0322,2.91,0
2024-02-15,视频,信息流,55岁以上,781,26,0,55.13,0.0343,2.12,0
2024-02-15,图片,底部,45-54岁,1140,18,0,52.92,0.0162,2.94,0
2024-02-15,原生,首页,55岁以上,952,25,0,62.02,0.0266,2.48,0
2024-02-15,视频,首页,55岁以上,860,31,0,85.95,0.0369,2.77,0
2024-02-15,横幅,底部,35-44岁,512,6,0,14.78,0.0126,2.46,0
2024-02-15,原生,信息流,45-54岁,897,23,0,48.84,0.0259,2.12,0
2024-02-15,图片,开屏,18-24岁,1119,29,0,63.72,0.0262,2.2,0
2024-02-15,信息流,开屏,35-44岁,1159,37,0,90.9,0.0324,2.46,0
2024-02-15,横幅,信息流,45-54岁,504,8,0,18.15,0.0173,2.27,0
2024-02-15,横幅,开屏,55岁以上,686,14,0,29.47,0.0214,2.11,0
2024-02-15,原生,侧边栏,35-44岁,736,13,0,38.27,0.018,2.94,0
2024-02-15,信息流,首页,35-44岁,1158,34,0,83.36,0.03,2.45,0
2024-02-15,横幅,首页,18-24岁,662,11,0,31.13,0.017,2.83,0
2024-02-15,横幅,底部,25-34岁,514,6,0,14.3,0.013,2.38,0
2024-02-15,原生,信息流,55岁以上,742,18,0,48.95,0.025,2.72,0
2024-02-15,信息流,侧边栏,35-44岁,1305,29,0,65.73,0.0227,2.27,0
2024-02-15,原生,底部,25-34岁,867,15,0,30.86,0.018,2.06,0
2024-02-15,信息流,首页,18-24岁,995,30,0,73.38,0.0304,2.45,0
2024-02-15,视频,开屏,45-54岁,866,31,0,86.75,0.0365,2.8,0
2024-02-15,信息流,信息流,35-44岁,1425,41,0,109.34,0.0289,2.67,0
2024-02-15,原生,首页,55岁以上,1047,29,0,70.38,0.0284,2.43,0
2024-02-15,视频,底部,55岁以上,711,18,0,40.26,0.0263,2.24,0
2024-02-15,横幅,开屏,55岁以上,666,13,0,27.13,0.0207,2.09,0
2024-02-15,横幅,底部,45-54岁,501,5,0,11.76,0.0114,2.35,0
2024-02-15,视频,侧边栏,45-54岁,698,20,0,56.29,0.0294,2.81,0
2024-02-15,视频,信息流,18-24岁,862,28,0,58.97,0.0325,2.11,0
2024-02-15,横幅,开屏,45-54岁,597,11,0,30.26,0.0194,2.75,0
2024-02-16,横幅,侧边栏,45-54岁,671,9,0,25.63,0.0144,2.85,0
2024-02-16,视频,开屏,35-44岁,771,30,0,89.35,0.0394,2.98,0
2024-02-16,信息流,信息流,35-44岁,1080,31,0,65.07,0.0295,2.1,0
2024-02-16,图片,首页,55岁以上,955,23,0,65.75,0.0251,2.86,0
2024-02-16,视频,信息流,45-54岁,957,31,0,64.37,0.0333,2.08,0
2024-02-16,横幅,开屏,55岁以上,558,10,0,23.26,0.0183,2.33,0
2024-02-16,信息流,首页,25-34岁,1196,38,0,99.18,0.0318,2.61,0
2024-02-16,原生,信息流,55岁以上,871,21,0,51.99,0.0247,2.48,0
2024-02-16,信息流,底部,25-34岁,976,19,0,49.29,0.0205,2.59,0
2024-02-16,横幅,侧边栏,55岁以上,614,9,0,21.44,0.0148,2.38,0
2024-02-16,图片,开屏,45-54岁,899,21,0,57.26,0.0238,2.73,0
2024-02-16,图片,信息流,55岁以上,1192,24,0,65.98,0.0201,2.75,0
2024-02-16,图片,底部,45-54岁,1131,18,0,43.19,0.0167,2.4,0
2024-02-16,信息流,首页,35-44岁,1322,36,0,86.35,0.0277,2.4,0
2024-02-16,信息流,侧边栏,25-34岁,1247,28,0,80.84,0.0231,2.89,0
2024-02-16,图片,开屏,25-34岁,945,22,0,59.08,0.0242,2.69,0
2024-02-16,信息流,信息流,45-54岁,1404,42,0,99.67,0.0299,2.37,0
2024-02-16,原生,开屏,35-44岁,845,25,0,74.08,0.0304,2.96,0
2024-02-16,视频,侧边栏,45-54岁,837,22,0,63.73,0.0267,2.9,0
2024-02-16,原生,侧边栏,35-44岁,749,15,0,34.65,0.0204,2.31,0
2024-02-16,原生,底部,45-54岁,917,16,0,42.3,0.0185,2.64,0
2024-02-16,横幅,底部,18-24岁,564,6,0,15.92,0.012,2.65,0
2024-02-16,视频,信息流,55岁以上,862,27,0,69.21,0.0315,2.56,0
2024-02-16,横幅,侧边栏,35-44岁,525,6,0,15.64,0.0126,2.61,0
2024-02-16,原生,底部,35-44岁,827,13,0,33.15,0.0162,2.55,0
2024-02-16,图片,开屏,45-54岁,972,26,0,62.3,0.0274,2.4,0
2024-02-16,横幅,信息流,35-44岁,671,11,0,28.84,0.0175,2.62,0
2024-02-16,横幅,开屏,35-44岁,501,9,0,19.11,0.0191,2.12,0
2024-02-16,视频,侧边栏,45-54岁,696,17,0,41.62,0.0256,2.45,0
2024-02-16,横幅,信息流,45-54岁,581,10,0,26.23,0.0173,2.62,0
2024-02-16,原生,信息流,25-34岁,788,17,0,46.51,0.0228,2.74,0
2024-02-16,视频,底部,45-54岁,788,18,0,46.91,0.0238,2.61,0
2024-02-16,原生,首页,35-44岁,955,26,0,55.07,0.0274,2.12,0
2024-02-16,信息流,底部,45-54岁,1280,25,0,72.09,0.0201,2.88,0
2024-02-17,信息流,开屏,35-44岁,1121,39,0,109.47,0.0351,2.81,0
2024-02-17,原生,首页,35-44岁,857,24,0,48.86,0.0285,2.04,0
2024-02-17,视频,信息流,18-24岁,812,28,0,60.75,0.0347,2.17,0
2024-02-17,横幅,侧边栏,55岁以上,499,6,0,13.21,0.0125,2.2,0
2024-02-17,信息流,底部,45-54岁,1090,19,0,52.82,0.0183,2.78,0
2024-02-17,视频,信息流,55岁以上,720,26,0,64.46,0.0362,2.48,0
2024-02-17,图片,底部,18-24岁,1036,15,0,36.36,0.015,2.42,0
2024-02-17,原生,侧边栏,18-24岁,926,16,0,38.08,0.0183,2.38,0
2024-02-17,横幅,首页,25-34岁,715,11,0,31.19,0.0163,2.84,0
2024-02-17,原生,侧边栏,25-34岁,797,15,0,44.65,0.0197,2.98,0
2024-02-17,图片,底部,18-24岁,954,14,0,41.51,0.0149,2.96,0
2024-02-17,信息流,侧边栏,55岁以上,1432,29,0,80.54,0.0204,2.78,0
2024-02-17,图片,开屏,55岁以上,924,21,0,58.35,0.0237,2.78,0
2024-02-17,信息流,底部,45-54岁,1174,22,0,65.63,0.0196,2.98,0
2024-02-17,图片,底部,45-54岁,1129,19,0,48.91,0.0172,2.57,0
2024-02-17,横幅,首页,35-44岁,589,10,0,21.46,0.0182,2.15,0
2024-02-17,信息流,首页,55岁以上,1324,40,0,88.02,0.0308,2.2,0
2024-02-17,信息流,首页,45-54岁,1422,39,0,111.55,0.0278,2.86,0
2024-02-17,原生,侧边栏,25-34岁,745,15,0,43.86,0.0209,2.92,0
2024-02-17,横幅,开屏,55岁以上,507,9,0,25.41,0.018,2.82,0
2024-02-17,横幅,开屏,25-34岁,558,10,0,23.65,0.0186,2.37,0
2024-02-17,图片,信息流,35-44岁,935,20,0,48.07,0.0216,2.4,0
2024-02-17,信息流,侧边栏,45-54岁,1394,33,0,72.07,0.0241,2.18,0
2024-02-17,视频,首页,25-34岁,807,26,0,67.23,0.0328,2.59,0
2024-02-17,图片,信息流,35-44岁,1042,24,0,55.71,0.0235,2.32,0
2024-02-17,信息流,首页,25-34岁,1026,32,0,90.09,0.0316,2.82,0
2024-02-17,横幅,信息流,45-54岁,717,12,0,25.83,0.0175,2.15,0
2024-02-17,横幅,首页,45-54岁,617,10,0,20.19,0.0162,2.02,0
2024-02-17,图片,侧边栏,18-24岁,1133,18,0,37.31,0.0163,2.07,0
2024-02-17,视频,信息流,18-24岁,933,28,0,57.76,0.031,2.06,0
2024-02-17,视频,信息流,55岁以上,729,25,0,58.68,0.0355,2.35,0
2024-02-17,原生,开屏,35-44岁,1058,29,0,77.05,0.0279,2.66,0
2024-02-17,横幅,底部,55岁以上,674,8,0,23.48,0.0128,2.93,0
2024-02-17,信息流,侧边栏,18-24岁,1114,25,0,50.14,0.0228,2.01,0
2024-02-17,原生,信息流,55岁以上,863,19,0,47.68,0.0228,2.51,0
2024-02-18,视频,底部,45-54岁,769,18,0,44.84,0.0234,2.49,0
2024-02-18,横幅,侧边栏,35-44岁,673,9,0,22.97,0.014,2.55,0
2024-02-18,信息流,信息流,45-54岁,1323,37,0,99.23,0.0281,2.68,0
2024-02-18,图片,首页,18-24岁,1002,23,0,55.73,0.0233,2.42,0
2024-02-18,图片,侧边栏,18-24岁,870,14,0,31.32,0.0164,2.24,0
2024-02-18,图片,首页,55岁以上,882,22,0,51.73,0.0259,2.35,0
2024-02-18,视频,侧边栏,45-54岁,663,19,0,44.06,0.0289,2.32,0
2024-02-18,视频,首页,18-24岁,924,33,0,93.46,0.0363,2.83,0
2024-02-18,信息流,信息流,45-54岁,974,27,0,63.49,0.0282,2.35,0
2024-02-18,横幅,开屏,55岁以上,654,13,0,34.42,0.021,2.65,0
2024-02-18,横幅,底部,45-54岁,517,6,0,12.02,0.0129,2.0,0
2024-02-18,视频,信息流,18-24岁,681,22,0,53.44,0.0326,2.43,0
2024-02-18,图片,侧边栏,55岁以上,823,15,0,39.91,0.0185,2.66,0
2024-02-18,原生,侧边栏,18-24岁,963,19,0,51.18,0.0203,2.69,0
2024-02-18,横幅,首页,35-44岁,624,10,0,22.13,0.0175,2.21,0
2024-02-18,视频,首页,55岁以上,928,36,0,100.76,0.0393,2.8,0
2024-02-18,视频,信息流,18-24岁,742,26,0,56.24,0.0361,2.16,0
2024-02-18,横幅,首页,45-54岁,493,8,0,17.12,0.0177,2.14,0
2024-02-18,信息流,底部,35-44岁,998,19,0,45.61,0.0194,2.4,0
2024-02-18,视频,底部,18-24岁,783,18,0,43.9,0.0233,2.44,0
2024-02-18,信息流,信息流,45-54岁,1116,31,0,76.41,0.0284,2.46,0
2024-02-18,信息流,底部,25-34岁,1003,20,0,54.36,0.0205,2.72,0
2024-02-18,图片,首页,55岁以上,1120,28,0,66.41,0.0258,2.37,0
2024-02-18,视频,侧边栏,35-44岁,851,21,0,43.58,0.0251,2.08,0
2024-02-18,图片,首页,18-24岁,910,22,0,61.25,0.0242,2.78,0
2024-02-18,视频,侧边栏,45-54岁,795,20,0,41.17,0.0255,2.06,0
2024-02-18,视频,底部,45-54岁,759,16,0,45.61,0.0223,2.85,0
2024-02-18,横幅,侧边栏,55岁以上,516,6,0,16.6,0.0135,2.77,0
2024-02-18,视频,侧边栏,18-24岁,809,19,0,46.36,0.0243,2.44,0
2024-02-18,图片,侧边栏,45-54岁,985,17,0,45.58,0.0182,2.68,0
2024-02-18,原生,开屏,25-34岁,897,26,0,54.99,0.03,2.12,0
2024-02-18,横幅,首页,35-44岁,612,10,0,26.24,0.0167,2.62,0
2024-02-18,横幅,首页,25-34岁,513,8,0,19.48,0.0169,2.44,0
2024-02-18,视频,开屏,18-24岁,808,31,0,90.43,0.0392,2.92,0
2024-02-18,横幅,信息流,55岁以上,481,7,0,19.84,0.0151,2.83,0
2024-02-19,横幅,底部,55岁以上,535,5,0,12.06,0.0108,2.41,0
2024-02-19,原生,底部,35-44岁,931,16,0,34.23,0.0178,2.14,0
2024-02-19,图片,底部,18-24岁,953,14,0,41.38,0.0155,2.96,0
2024-02-19,横幅,底部,25-34岁,508,5,0,13.11,0.0111,2.62,0
2024-02-19,图片,开屏,45-54岁,827,20,0,51.3,0.0243,2.57,0
2024-02-19,图片,开屏,45-54岁,1088,27,0,69.44,0.0254,2.57,0
2024-02-19,横幅,首页,55岁以上,592,10,0,28.17,0.0169,2.82,0
2024-02-19,横幅,底部,55岁以上,665,8,0,22.46,0.0122,2.81,0
2024-02-19,信息流,开屏,18-24岁,1374,48,0,138.8,0.035,2.89,0
2024-02-19,图片,侧边栏,35-44岁,997,16,0,40.4,0.0164,2.53,0
2024-02-19,视频,开屏,55岁以上,881,37,0,89.07,0.0428,2.41,0
2024-02-19,原生,侧边栏,55岁以上,855,15,0,41.57,0.0185,2.77,0
2024-02-19,原生,信息流,18-24岁,817,19,0,40.81,0.0243,2.15,0
2024-02-19,原生,侧边栏,35-44岁,979,19,0,45.36,0.0204,2.39,0
2024-02-19,信息流,侧边栏,35-44岁,1255,31,0,66.52,0.0247,2.15,0
2024-02-19,视频,底部,18-24岁,732,18,0,43.96,0.025,2.44,0
2024-02-19,视频,开屏,45-54岁,709,26,0,69.67,0.0367,2.68,0
2024-02-19,原生,底部,25-34岁,996,17,0,42.47,0.0173,2.5,0
2024-02-19,信息流,侧边栏,55岁以上,1278,29,0,58.27,0.0229,2.01,0
2024-02-19,信息流,侧边栏,45-54岁,1166,25,0,69.1,0.0217,2.76,0
2024-02-19,图片,底部,25-34岁,839,14,0,33.26,0.0168,2.38,0
2024-02-19,图片,信息流,55岁以上,1099,25,0,61.37,0.0229,2.45,0
2024-02-19,信息流,侧边栏,35-44岁,1380,34,0,82.06,0.0247,2.41,0
2024-02-19,视频,开屏,25-34岁,806,32,0,74.02,0.0404,2.31,0
2024-02-19,原生,信息流,18-24岁,791,18,0,47.87,0.0234,2.66,0
2024-02-19,图片,信息流,25-34岁,1058,23,0,51.8,0.0224,2.25,0
2024-02-19,视频,信息流,35-44岁,788,27,0,75.81,0.0353,2.81,0
2024-02-19,信息流,侧边栏,55岁以上,1251,29,0,81.76,0.0236,2.82,0
2024-02-19,横幅,底部,55岁以上,673,8,0,20.61,0.013,2.58,0
2024-02-19,原生,底部,35-44岁,925,14,0,31.76,0.016,2.27,0
2024-02-20,信息流,开屏,55岁以上,1294,43,0,127.48,0.0338,2.96,0
2024-02-20,横幅,首页,45-54岁,717,12,0,30.08,0.0179,2.51,0
2024-02-20,信息流,开屏,18-24岁,1235,37,0,88.36,0.0307,2.39,0
2024-02-20,图片,侧边栏,55岁以上,1091,18,0,44.81,0.0173,2.49,0
2024-02-20,图片,首页,18-24岁,1178,25,0,65.32,0.022,2.61,0
2024-02-20,信息流,底部,45-54岁,1143,22,0,48.74,0.0197,2.22,0
2024-02-20,视频,首页,55岁以上,695,22,0,60.67,0.0329,2.76,0
2024-02-20,视频,底部,45-54岁,718,15,0,36.59,0.0217,2.44,0
2024-02-20,图片,开屏,25-34岁,914,21,0,50.44,0.0236,2.4,0
2024-02-20,图片,开屏,55岁以上,1134,31,0,72.44,0.028,2.34,0
2024-02-20,原生,底部,18-24岁,762,12,0,27.97,0.0167,2.33,0
2024-02-20,视频,侧边栏,55岁以上,942,23,0,56.86,0.0255,2.47,0
2024-02-20,横幅,信息流,25-34岁,632,9,0,24.44,0.0156,2.72,0
2024-02-20,视频,底部,18-24岁,727,17,0,41.77,0.0242,2.46,0
2024-02-20,横幅,底部,55岁以上,544,5,0,14.19,0.0108,2.84,0
2024-02-20,视频,底部,45-54岁,766,18,0,39.61,0.0238,2.2,0
2024-02-20,横幅,信息流,25-34岁,492,8,0,21.47,0.0177,2.68,0
2024-02-20,横幅,信息流,45-54岁,481,7,0,15.99,0.0161,2.28,0
2024-02-20,信息流,开屏,18-24岁,1095,38,0,107.24,0.0353,2.82,0
2024-02-20,原生,侧边栏,45-54岁,1012,18,0,45.66,0.0179,2.54,0
2024-02-20,视频,信息流,45-54岁,676,22,0,55.62,0.033,2.53,0
2024-02-20,横幅,侧边栏,45-54岁,678,9,0,26.17,0.014,2.91,0
2024-02-20,视频,首页,35-44岁,823,27,0,61.42,0.0339,2.27,0
2024-02-20,视频,开屏,35-44岁,645,23,0,55.68,0.0372,2.42,0
2024-02-20,图片,首页,18-24岁,954,23,0,66.34,0.0251,2.88,0
2024-02-20,原生,首页,25-34岁,899,21,0,62.92,0.0242,3.0,0
2024-02-20,信息流,信息流,45-54岁,974,26,0,63.99,0.0274,2.46,0
2024-02-20,横幅,侧边栏,35-44岁,500,6,0,16.31,0.0136,2.72,0
2024-02-20,信息流,侧边栏,45-54岁,1138,24,0,51.56,0.0215,2.15,0
2024-02-20,视频,信息流,18-24岁,666,23,0,59.51,0.0355,2.59,0
2024-02-20,横幅,首页,25-34岁,547,8,0,21.5,0.0163,2.69,0
2024-02-20,横幅,开屏,35-44岁,630,12,0,32.42,0.0195,2.7,0
2024-02-20,横幅,底部,55岁以上,653,8,0,22.86,0.0132,2.86,0
2024-02-20,横幅,侧边栏,35-44岁,638,8,0,18.75,0.0135,2.34,0
2024-02-20,视频,底部,55岁以上,770,16,0,35.26,0.022,2.2,0
2024-02-20,横幅,底部,45-54岁,640,8,0,20.09,0.0131,2.51,0
2024-02-20,视频,侧边栏,55岁以上,852,22,0,54.42,0.0261,2.47,0
2024-02-21,原生,信息流,18-24岁,906,22,0,61.38,0.0246,2.79,0
2024-02-21,横幅,首页,55岁以上,693,12,0,34.22,0.0177,2.85,0
2024-02-21,原生,首页,45-54岁,1001,25,0,62.12,0.0257,2.48,0
2024-02-21,信息流,开屏,55岁以上,1139,34,0,84.74,0.0299,2.49,0
2024-02-21,原生,侧边栏,25-34岁,1013,19,0,55.86,0.0195,2.94,0
2024-02-21,原生,信息流,55岁以上,801,17,0,42.88,0.0221,2.52,0
2024-02-21,横幅,底部,35-44岁,601,6,0,16.53,0.011,2.75,0
2024-02-21,视频,信息流,18-24岁,771,26,0,63.55,0.0342,2.44,0
2024-02-21,横幅,开屏,45-54岁,515,10,0,29.31,0.021,2.93,0
2024-02-21,视频,信息流,35-44岁,728,22,0,46.25,0.0311,2.1,0
2024-02-21,信息流,底部,18-24岁,1127,21,0,60.9,0.0187,2.9,0
2024-02-21,原生,开屏,55岁以上,1024,27,0,72.01,0.0271,2.67,0
2024-02-21,信息流,底部,35-44岁,1430,29,0,77.21,0.0208,2.66,0
2024-02-21,视频,开屏,35-44岁,765,30,0,80.43,0.04,2.68,0
2024-02-21,信息流,侧边栏,18-24岁,1075,24,0,65.57,0.0228,2.73,0
2024-02-21,原生,首页,35-44岁,930,25,0,72.56,0.0274,2.9,0
2024-02-21,信息流,底部,45-54岁,1389,29,0,64.33,0.0214,2.22,0
2024-02-21,图片,底部,25-34岁,1092,17,0,34.24,0.0165,2.01,0
2024-02-21,横幅,底部,25-34岁,701,8,0,18.55,0.0122,2.32,0
2024-02-21,图片,开屏,45-54岁,1072,27,0,59.35,0.0257,2.2,0
2024-02-21,横幅,信息流,55岁以上,703,11,0,26.67,0.0169,2.42,0
2024-02-21,横幅,底部,25-34岁,573,7,0,17.21,0.0125,2.46,0
2024-02-21,视频,开屏,45-54岁,914,33,0,90.37,0.0366,2.74,0
2024-02-21,原生,首页,35-44岁,1074,31,0,87.47,0.0289,2.82,0
2024-02-21,图片,首页,35-44岁,811,20,0,54.72,0.0259,2.74,0
2024-02-21,图片,侧边栏,25-34岁,981,16,0,39.15,0.0172,2.45,0
2024-02-21,原生,信息流,35-44岁,968,24,0,51.35,0.0253,2.14,0
2024-02-21,横幅,侧边栏,55岁以上,627,9,0,24.66,0.0147,2.74,0
2024-02-21,原生,首页,18-24岁,954,25,0,52.33,0.0266,2.09,0
2024-02-21,原生,侧边栏,35-44岁,875,18,0,47.22,0.0216,2.62,0
2024-02-21,原生,底部,25-34岁,1004,17,0,34.19,0.0173,2.01,0
2024-02-21,原生,首页,55岁以上,827,22,0,46.95,0.0273,2.13,0
2024-02-21,视频,开屏,18-24岁,661,23,0,50.11,0.0359,2.18,0
2024-02-21,原生,侧边栏,25-34岁,779,16,0,46.34,0.0213,2.9,0
2024-02-21,视频,首页,18-24岁,807,27,0,60.82,0.0341,2.25,0
2024-02-21,图片,侧边栏,18-24岁,830,13,0,26.57,0.0167,2.04,0
2024-02-22,图片,底部,25-34岁,1092,16,0,32.25,0.0153,2.02,0
2024-02-22,原生,首页,45-54岁,955,27,0,77.37,0.029,2.87,0
2024-02-22,视频,底部,25-34岁,859,21,0,61.75,0.0247,2.94,0
2024-02-22,信息流,首页,25-34岁,1390,45,0,104.24,0.0326,2.32,0
2024-02-22,横幅,首页,45-54岁,554,10,0,24.71,0.0185,2.47,0
2024-02-22,横幅,首页,25-34岁,634,11,0,30.65,0.0183,2.79,0
2024-02-22,横幅,侧边栏,45-54岁,489,6,0,14.88,0.0123,2.48,0
2024-02-22,横幅,信息流,35-44岁,534,8,0,19.99,0.0163,2.5,0
2024-02-22,视频,开屏,35-44岁,742,30,0,62.61,0.0408,2.09,0
2024-02-22,视频,首页,55岁以上,910,30,0,61.07,0.0338,2.04,0
2024-02-22,视频,开屏,35-44岁,742,26,0,59.97,0.0357,2.31,0
2024-02-22,图片,底部,55岁以上,1093,15,0,38.72,0.0145,2.58,0
2024-02-22,原生,侧边栏,45-54岁,907,17,0,43.9,0.0188,2.58,0
2024-02-22,信息流,开屏,35-44岁,1197,40,0,111.65,0.0341,2.79,0
2024-02-22,信息流,信息流,18-24岁,1030,27,0,56.49,0.0271,2.09,0
2024-02-22,图片,开屏,35-44岁,847,22,0,48.91,0.0269,2.22,0
2024-02-22,图片,首页,35-44岁,1141,26,0,61.95,0.0234,2.38,0
2024-02-22,横幅,信息流,55岁以上,688,12,0,33.01,0.0181,2.75,0
2024-02-22,原生,首页,45-54岁,843,24,0,52.83,0.0289,2.2,0
2024-02-22,信息流,开屏,45-54岁,1291,45,0,116.31,0.0349,2.58,0
2024-02-22,视频,首页,25-34岁,780,27,0,60.62,0.0354,2.25,0
2024-02-22,横幅,底部,18-24岁,555,6,0,16.19,0.0113,2.7,0
2024-02-22,图片,开屏,25-34岁,851,22,0,49.83,0.0259,2.27,0
2024-02-22,图片,侧边栏,45-54岁,1167,23,0,48.92,0.0198,2.13,0
2024-02-22,图片,侧边栏,18-24岁,883,16,0,38.97,0.0185,2.44,0
2024-02-22,图片,侧边栏,18-24岁,1197,23,0,51.21,0.0193,2.23,0
2024-02-22,信息流,首页,25-34岁,1330,36,0,97.61,0.0274,2.71,0
2024-02-22,图片,开屏,35-44岁,1134,29,0,62.25,0.0261,2.15,0
2024-02-22,横幅,首页,35-44岁,626,10,0,23.93,0.0169,2.39,0
2024-02-22,横幅,首页,25-34岁,616,10,0,20.99,0.0163,2.1,0
2024-02-22,信息流,开屏,55岁以上,1173,34,0,74.55,0.0295,2.19,0
2024-02-22,信息流,侧边栏,45-54岁,1046,24,0,71.43,0.0238,2.98,0
2024-02-22,视频,开屏,25-34岁,724,30,0,62.26,0.042,2.08,0
2024-02-23,视频,信息流,18-24岁,653,22,0,65.0,0.0347,2.95,0
2024-02-23,信息流,开屏,18-24岁,1032,34,0,90.72,0.0338,2.67,0
2024-02-23,信息流,信息流,25-34岁,1098,32,0,64.37,0.0296,2.01,0
2024-02-23,视频,首页,35-44岁,921,32,0,78.18,0.0354,2.44,0
2024-02-23,原生,开屏,55岁以上,935,28,0,65.44,0.0302,2.34,0
2024-02-23,图片,首页,18-24岁,908,23,0,59.67,0.0263,2.59,0
2024-02-23,视频,信息流,35-44岁,832,28,0,75.49,0.0338,2.7,0
2024-02-23,图片,首页,25-34岁,953,25,0,74.86,0.0263,2.99,0
2024-02-23,信息流,信息流,55岁以上,1313,35,0,87.01,0.0271,2.49,0
2024-02-23,横幅,首页,18-24岁,487,9,0,23.99,0.0188,2.67,0
2024-02-23,横幅,信息流,45-54岁,537,8,0,17.69,0.0163,2.21,0
2024-02-23,视频,开屏,45-54岁,893,33,0,90.26,0.0376,2.74,0
2024-02-23,视频,信息流,35-44岁,850,26,0,68.31,0.0315,2.63,0
2024-02-23,横幅,首页,18-24岁,561,9,0,21.65,0.0174,2.41,0
2024-02-23,横幅,侧边栏,25-34岁,487,7,0,14.13,0.0147,2.02,0
2024-02-23,信息流,首页,18-24岁,1120,31,0,67.01,0.0278,2.16,0
2024-02-23,视频,侧边栏,25-34岁,677,20,0,48.82,0.0297,2.44,0
2024-02-23,图片,首页,45-54岁,948,21,0,57.61,0.0225,2.74,0
2024-02-23,图片,底部,35-44岁,1024,15,0,42.54,0.0148,2.84,0
2024-02-23,视频,底部,35-44岁,749,18,0,42.27,0.0254,2.35,0
2024-02-23,视频,开屏,55岁以上,775,28,0,83.14,0.0367,2.97,0
2024-02-23,图片,开屏,35-44岁,950,26,0,61.18,0.0281,2.35,0
2024-02-23,横幅,首页,25-34岁,617,12,0,30.47,0.0198,2.54,0
2024-02-23,信息流,首页,25-34岁,1091,34,0,79.93,0.0316,2.35,0
2024-02-23,信息流,侧边栏,55岁以上,1306,28,0,74.61,0.0219,2.66,0
2024-02-23,视频,开屏,35-44岁,689,24,0,64.22,0.0359,2.68,0
2024-02-23,信息流,侧边栏,45-54岁,1356,29,0,59.3,0.0219,2.04,0
2024-02-23,信息流,信息流,25-34岁,1288,32,0,77.38,0.0253,2.42,0
2024-02-23,原生,开屏,25-34岁,754,21,0,59.46,0.0291,2.83,0
2024-02-23,图片,首页,18-24岁,966,22,0,54.44,0.0234,2.47,0
2024-02-23,信息流,首页,55岁以上,1393,40,0,80.96,0.0293,2.02,0
2024-02-23,视频,开屏,55岁以上,764,30,0,82.55,0.0397,2.75,0
2024-02-23,信息流,开屏,55岁以上,1252,39,0,80.49,0.0312,2.06,0
2024-02-23,横幅,信息流,45-54岁,625,9,0,22.56,0.0154,2.51,0
2024-02-23,原生,首页,18-24岁,808,21,0,46.62,0.0269,2.22,0
2024-02-23,横幅,底部,25-34岁,483,5,0,11.98,0.0124,2.4,0
2024-02-23,信息流,侧边栏,18-24岁,1187,29,0,81.83,0.0246,2.82,0
2024-02-23,原生,首页,55岁以上,752,20,0,51.26,0.0272,2.56,0
2024-02-23,横幅,底部,55岁以上,481,5,0,11.32,0.0111,2.26,0
2024-02-23,信息流,信息流,55岁以上,1224,30,0,75.76,0.0252,2.53,0
2024-02-23,图片,底部,18-24岁,1179,19,0,39.53,0.0163,2.08,0
2024-02-23,图片,底部,45-54岁,897,14,0,33.31,0.0159,2.38,0
2024-02-23,横幅,侧边栏,45-54岁,522,7,0,18.31,0.0136,2.62,0
2024-02-24,图片,侧边栏,18-24岁,988,17,0,49.83,0.0176,2.93,0
2024-02-24,视频,信息流,45-54岁,857,26,0,61.25,0.0308,2.36,0
2024-02-24,图片,开屏,45-54岁,889,21,0,48.72,0.0247,2.32,0
2024-02-24,图片,底部,35-44岁,881,13,0,36.93,0.0149,2.84,0
2024-02-24,图片,开屏,25-34岁,801,22,0,54.61,0.0284,2.48,0
2024-02-24,图片,底部,35-44岁,993,15,0,39.47,0.0152,2.63,0
2024-02-24,原生,信息流,25-34岁,725,17,0,37.05,0.0241,2.18,0
2024-02-24,信息流,底部,45-54岁,1205,21,0,46.26,0.0181,2.2,0
2024-02-24,横幅,侧边栏,18-24岁,660,8,0,18.23,0.013,2.28,0
2024-02-24,信息流,底部,45-54岁,1274,27,0,57.51,0.0214,2.13,0
2024-02-24,信息流,底部,18-24岁,1223,23,0,49.62,0.0192,2.16,0
2024-02-24,图片,侧边栏,45-54岁,1149,21,0,51.84,0.0186,2.47,0
2024-02-24,图片,信息流,25-34岁,1159,25,0,67.05,0.0218,2.68,0
2024-02-24,视频,开屏,35-44岁,857,30,0,73.72,0.0354,2.46,0
2024-02-24,信息流,底部,35-44岁,1088,20,0,47.82,0.0184,2.39,0
2024-02-24,视频,信息流,35-44岁,871,27,0,73.25,0.0313,2.71,0
2024-02-24,视频,首页,25-34岁,914,34,0,95.71,0.0376,2.82,0
2024-02-24,信息流,首页,35-44岁,1401,42,0,108.01,0.0301,2.57,0
2024-02-24,视频,侧边栏,25-34岁,726,19,0,52.83,0.0265,2.78,0
2024-02-24,图片,侧边栏,25-34岁,1064,20,0,41.6,0.0196,2.08,0
2024-02-24,横幅,侧边栏,45-54岁,640,8,0,20.14,0.0134,2.52,0
2024-02-24,横幅,开屏,55岁以上,655,14,0,33.6,0.0214,2.4,0
2024-02-24,横幅,底部,55岁以上,524,6,0,17.01,0.0124,2.83,0
2024-02-24,原生,首页,55岁以上,1001,25,0,59.26,0.0256,2.37,0
2024-02-24,横幅,侧边栏,55岁以上,578,7,0,20.04,0.0122,2.86,0
2024-02-24,横幅,开屏,35-44岁,572,11,0,29.58,0.0204,2.69,0
2024-02-24,视频,侧边栏,45-54岁,889,22,0,58.39,0.0258,2.65,0
2024-02-24,横幅,信息流,25-34岁,507,8,0,23.54,0.0171,2.94,0
2024-02-24,横幅,底部,25-34岁,675,7,0,18.76,0.0115,2.68,0
2024-02-25,图片,侧边栏,55岁以上,882,15,0,37.88,0.0174,2.53,0
2024-02-25,视频,侧边栏,25-34岁,867,24,0,64.23,0.0288,2.68,0
2024-02-25,信息流,底部,45-54岁,1022,19,0,44.06,0.0195,2.32,0
2024-02-25,视频,底部,45-54岁,956,23,0,46.32,0.0246,2.01,0
2024-02-25,信息流,开屏,25-34岁,1056,35,0,82.09,0.0333,2.35,0
2024-02-25,横幅,侧边栏,45-54岁,709,9,0,20.19,0.0135,2.24,0
2024-02-25,视频,底部,55岁以上,931,22,0,60.94,0.0237,2.77,0
2024-02-25,图片,首页,45-54岁,1026,23,0,63.01,0.0228,2.74,0
2024-02-25,视频,侧边栏,25-34岁,697,19,0,43.88,0.0281,2.31,0
2024-02-25,横幅,信息流,35-44岁,660,11,0,30.55,0.0176,2.78,0
2024-02-25,横幅,首页,35-44岁,702,12,0,35.54,0.0178,2.96,0
2024-02-25,视频,底部,25-34岁,891,19,0,54.31,0.0221,2.86,0
2024-02-25,视频,开屏,55岁以上,923,33,0,81.53,0.0367,2.47,0
2024-02-25,横幅,开屏,25-34岁,702,12,0,33.6,0.0185,2.8,0
2024-02-25,视频,侧边栏,25-34岁,739,21,0,45.33,0.0287,2.16,0
2024-02-25,横幅,侧边栏,35-44岁,630,8,0,21.02,0.0141,2.63,0
2024-02-25,原生,信息流,25-34岁,780,19,0,39.74,0.0256,2.09,0
2024-02-25,原生,开屏,18-24岁,1062,27,0,78.7,0.0259,2.91,0
2024-02-25,原生,信息流,45-54岁,723,16,0,43.52,0.0223,2.72,0
2024-02-25,原生,信息流,25-34岁,1054,26,0,70.54,0.0254,2.71,0
2024-02-25,信息流,侧边栏,45-54岁,1055,24,0,64.83,0.0234,2.7,0
2024-02-25,横幅,首页,55岁以上,550,10,0,20.41,0.0192,2.04,0
2024-02-25,横幅,首页,35-44岁,559,9,0,18.1,0.0173,2.01,0
2024-02-25,图片,信息流,55岁以上,1172,23,0,61.76,0.0204,2.69,0
2024-02-25,视频,首页,45-54岁,906,30,0,81.32,0.0333,2.71,0
2024-02-25,原生,侧边栏,55岁以上,927,18,0,50.05,0.0204,2.78,0
2024-02-25,原生,侧边栏,35-44岁,819,16,0,39.04,0.02,2.44,0
2024-02-25,视频,侧边栏,55岁以上,875,22,0,48.72,0.0259,2.21,0
2024-02-25,原生,开屏,55岁以上,800,24,0,60.46,0.0312,2.52,0
2024-02-25,视频,开屏,45-54岁,716,29,0,66.34,0.0412,2.29,0
2024-02-25,信息流,侧边栏,35-44岁,1181,28,0,66.64,0.0243,2.38,0
2024-02-25,信息流,底部,35-44岁,1267,24,0,54.03,0.0193,2.25,0
2024-02-25,原生,信息流,35-44岁,924,20,0,41.98,0.0221,2.1,0
2024-02-25,横幅,首页,25-34岁,624,10,0,25.47,0.0172,2.55,0
2024-02-25,视频,信息流,35-44岁,652,22,0,49.82,0.0347,2.26,0
2024-02-25,视频,底部,25-34岁,892,21,0,62.66,0.0245,2.98,0
2024-02-25,信息流,侧边栏,35-44岁,1156,23,0,54.67,0.0203,2.38,0
2024-02-25,原生,开屏,18-24岁,1008,28,0,82.52,0.0278,2.95,0
2024-02-25,原生,侧边栏,45-54岁,1015,21,0,44.98,0.0213,2.14,0
2024-02-25,原生,信息流,45-54岁,1077,25,0,61.0,0.024,2.44,0
2024-02-25,原生,首页,55岁以上,886,21,0,55.08,0.024,2.62,0
2024-02-25,横幅,首页,25-34岁,701,13,0,34.6,0.019,2.66,0
2024-02-25,信息流,信息流,45-54岁,1385,34,0,82.96,0.0248,2.44,0
2024-02-26,原生,开屏,35-44岁,1031,30,0,62.05,0.0293,2.07,0
2024-02-26,信息流,开屏,25-34岁,1203,36,0,102.3,0.0299,2.84,0
2024-02-26,图片,首页,35-44岁,959,24,0,57.86,0.025,2.41,0
2024-02-26,视频,信息流,35-44岁,642,20,0,50.58,0.0325,2.53,0
2024-02-26,横幅,侧边栏,25-34岁,623,8,0,19.46,0.0129,2.43,0
2024-02-26,视频,底部,25-34岁,915,23,0,56.92,0.0254,2.47,0
2024-02-26,视频,底部,35-44岁,690,17,0,44.4,0.0256,2.61,0
2024-02-26,视频,首页,18-24岁,921,36,0,76.05,0.0391,2.11,0
2024-02-26,横幅,信息流,55岁以上,510,7,0,15.09,0.0149,2.16,0
2024-02-26,横幅,开屏,45-54岁,566,10,0,28.85,0.0192,2.88,0
2024-02-26,信息流,底部,45-54岁,1283,23,0,46.75,0.018,2.03,0
2024-02-26,原生,侧边栏,55岁以上,934,18,0,46.51,0.0203,2.58,0
2024-02-26,图片,底部,55岁以上,1185,19,0,48.54,0.0166,2.55,0
2024-02-26,图片,首页,55岁以上,1110,25,0,68.72,0.0233,2.75,0
2024-02-26,横幅,信息流,18-24岁,688,10,0,26.02,0.0156,2.6,0
2024-02-26,横幅,首页,45-54岁,520,8,0,23.65,0.0166,2.96,0
2024-02-26,横幅,首页,45-54岁,486,9,0,19.88,0.0193,2.21,0
2024-02-26,横幅,首页,18-24岁,514,10,0,21.92,0.0195,2.19,0
2024-02-26,视频,底部,35-44岁,755,17,0,43.02,0.0226,2.53,0
2024-02-26,视频,开屏,18-24岁,774,31,0,74.42,0.0411,2.4,0
2024-02-26,视频,信息流,25-34岁,686,21,0,60.01,0.0317,2.86,0
2024-02-26,原生,底部,55岁以上,946,17,0,37.14,0.0187,2.18,0
2024-02-26,视频,首页,25-34岁,650,21,0,46.18,0.0328,2.2,0
2024-02-26,横幅,底部,45-54岁,637,7,0,15.21,0.0122,2.17,0
2024-02-26,图片,底部,45-54岁,804,12,0,28.21,0.0151,2.35,0
2024-02-26,信息流,开屏,35-44岁,1255,39,0,83.52,0.0317,2.14,0
2024-02-26,横幅,信息流,45-54岁,586,9,0,20.93,0.0161,2.33,0
2024-02-26,横幅,开屏,25-34岁,484,8,0,20.9,0.0176,2.61,0
2024-02-26,图片,首页,35-44岁,1122,25,0,67.81,0.0229,2.71,0
2024-02-26,原生,侧边栏,35-44岁,1072,19,0,49.88,0.0178,2.63,0
2024-02-26,横幅,侧边栏,18-24岁,556,7,0,14.82,0.0136,2.12,0
2024-02-26,视频,信息流,55岁以上,777,23,0,52.4,0.0297,2.28,0
2024-02-26,信息流,侧边栏,35-44岁,1004,21,0,55.95,0.0219,2.66,0
2024-02-26,视频,开屏,55岁以上,730,26,0,65.55,0.0358,2.52,0
2024-02-26,原生,底部,25-34岁,1027,19,0,39.98,0.0189,2.1,0
2024-02-26,信息流,信息流,25-34岁,1046,25,0,64.18,0.0248,2.57,0
2024-02-26,横幅,信息流,35-44岁,500,7,0,18.68,0.0153,2.67,0
2024-02-26,横幅,首页,25-34岁,508,8,0,23.44,0.0171,2.93,0
2024-02-27,视频,开屏,18-24岁,866,31,0,66.03,0.036,2.13,0
2024-02-27,横幅,侧边栏,18-24岁,703,9,0,24.3,0.0139,2.7,0
2024-02-27,视频,信息流,18-24岁,932,27,0,60.75,0.0297,2.25,0
2024-02-27,原生,开屏,45-54岁,734,20,0,52.19,0.0276,2.61,0
2024-02-27,横幅,底部,55岁以上,517,6,0,15.53,0.0119,2.59,0
2024-02-27,信息流,侧边栏,35-44岁,1275,27,0,73.34,0.0219,2.72,0
2024-02-27,横幅,开屏,55岁以上,671,14,0,31.82,0.0211,2.27,0
2024-02-27,横幅,开屏,18-24岁,603,12,0,29.23,0.0212,2.44,0
2024-02-27,信息流,信息流,45-54岁,1360,39,0,83.4,0.0293,2.14,0
2024-02-27,视频,侧边栏,35-44岁,674,17,0,43.85,0.0256,2.58,0
2024-02-27,原生,开屏,18-24岁,1035,29,0,60.7,0.0288,2.09,0
2024-02-27,视频,底部,45-54岁,784,19,0,49.1,0.0246,2.58,0
2024-02-27,视频,首页,18-24岁,798,27,0,64.55,0.035,2.39,0
2024-02-27,原生,底部,35-44岁,789,13,0,29.02,0.0174,2.23,0
2024-02-27,视频,首页,25-34岁,930,30,0,86.41,0.0331,2.88,0
2024-02-27,原生,侧边栏,18-24岁,980,19,0,50.62,0.0201,2.66,0
2024-02-27,横幅,底部,35-44岁,519,6,0,14.85,0.0116,2.48,0
2024-02-27,信息流,首页,55岁以上,1270,34,0,101.69,0.0272,2.99,0
2024-02-27,原生,首页,18-24岁,968,27,0,68.92,0.0279,2.55,0
2024-02-27,视频,信息流,55岁以上,921,28,0,76.47,0.0312,2.73,0
2024-02-27,横幅,底部,18-24岁,647,7,0,16.64,0.0122,2.38,0
2024-02-27,信息流,首页,45-54岁,1214,38,0,113.01,0.0316,2.97,0
2024-02-27,图片,底部,18-24岁,1051,18,0,43.59,0.0172,2.42,0
2024-02-27,横幅,首页,35-44岁,713,12,0,28.64,0.0176,2.39,0
2024-02-27,视频,首页,35-44岁,952,33,0,98.69,0.0348,2.99,0
2024-02-27,视频,侧边栏,18-24岁,757,18,0,36.92,0.025,2.05,0
2024-02-27,原生,信息流,18-24岁,1046,24,0,69.18,0.0235,2.88,0
2024-02-27,视频,信息流,45-54岁,935,28,0,57.05,0.0301,2.04,0
2024-02-27,横幅,底部,25-34岁,486,5,0,13.35,0.0117,2.67,0
2024-02-28,视频,侧边栏,45-54岁,739,20,0,41.85,0.0271,2.09,0
2024-02-28,横幅,首页,35-44岁,626,11,0,22.61,0.0178,2.06,0
2024-02-28,信息流,信息流,45-54岁,1262,36,0,99.28,0.0288,2.76,0
2024-02-28,横幅,信息流,25-34岁,518,9,0,21.28,0.0179,2.36,0
2024-02-28,信息流,底部,55岁以上,1402,28,0,63.7,0.0204,2.27,0
2024-02-28,信息流,首页,35-44岁,1095,31,0,91.32,0.0291,2.95,0
2024-02-28,图片,开屏,45-54岁,844,21,0,52.98,0.0253,2.52,0
2024-02-28,图片,开屏,35-44岁,995,23,0,68.66,0.024,2.99,0
2024-02-28,视频,开屏,55岁以上,648,24,0,48.65,0.0382,2.03,0
2024-02-28,图片,侧边栏,45-54岁,1070,20,0,53.63,0.0194,2.68,0
2024-02-28,视频,首页,18-24岁,884,31,0,80.57,0.0359,2.6,0
2024-02-28,信息流,首页,25-34岁,1094,29,0,76.17,0.0272,2.63,0
2024-02-28,图片,信息流,25-34岁,1167,26,0,64.13,0.0226,2.47,0
2024-02-28,视频,首页,55岁以上,765,27,0,63.4,0.0354,2.35,0
2024-02-28,原生,信息流,45-54岁,876,22,0,62.74,0.0253,2.85,0
2024-02-28,视频,信息流,25-34岁,938,28,0,78.06,0.0299,2.79,0
2024-02-28,视频,开屏,55岁以上,715,29,0,71.62,0.0415,2.47,0
2024-02-28,横幅,开屏,18-24岁,669,12,0,30.44,0.019,2.54,0
2024-02-28,横幅,首页,35-44岁,686,13,0,27.67,0.0194,2.13,0
2024-02-28,横幅,侧边栏,25-34岁,678,8,0,23.7,0.0123,2.96,0
2024-02-28,信息流,底部,25-34岁,1101,20,0,59.44,0.0186,2.97,0
2024-02-28,信息流,信息流,45-54岁,1376,37,0,80.95,0.0276,2.19,0
2024-02-28,原生,开屏,35-44岁,859,22,0,48.82,0.0268,2.22,0
2024-02-28,横幅,信息流,55岁以上,688,12,0,25.91,0.0176,2.16,0
2024-02-28,信息流,信息流,18-24岁,1027,30,0,74.78,0.03,2.49,0
2024-02-28,图片,首页,18-24岁,966,21,0,54.83,0.0225,2.61,0
2024-02-28,横幅,首页,45-54岁,683,11,0,25.78,0.0171,2.34,0
2024-02-28,横幅,首页,25-34岁,578,10,0,24.69,0.0186,2.47,0
2024-02-28,信息流,侧边栏,55岁以上,1169,27,0,66.69,0.0239,2.47,0
2024-02-28,信息流,开屏,55岁以上,1314,40,0,87.74,0.0305,2.19,0
2024-02-28,视频,首页,25-34岁,776,25,0,55.65,0.0335,2.23,0
2024-02-28,视频,侧边栏,55岁以上,919,24,0,63.11,0.0271,2.63,0
2024-02-28,视频,信息流,25-34岁,715,22,0,49.04,0.0313,2.23,0
2024-02-29,横幅,开屏,45-54岁,645,13,0,31.56,0.0209,2.43,0
2024-02-29,原生,信息流,18-24岁,1006,23,0,59.25,0.0234,2.58,0
2024-02-29,原生,信息流,45-54岁,1003,22,0,60.67,0.0223,2.76,0
2024-02-29,图片,开屏,18-24岁,914,25,0,72.63,0.0274,2.91,0
2024-02-29,图片,侧边栏,18-24岁,1087,17,0,45.66,0.0165,2.69,0
2024-02-29,图片,开屏,45-54岁,801,18,0,46.0,0.0234,2.56,0
2024-02-29,原生,首页,35-44岁,855,23,0,54.78,0.0275,2.38,0
2024-02-29,信息流,信息流,25-34岁,1316,39,0,80.58,0.0302,2.07,0
2024-02-29,原生,底部,25-34岁,774,13,0,28.86,0.0178,2.22,0
2024-02-29,原生,侧边栏,55岁以上,1079,19,0,38.51,0.0185,2.03,0
2024-02-29,图片,开屏,18-24岁,933,26,0,71.92,0.028,2.77,0
2024-02-29,横幅,首页,55岁以上,550,10,0,23.62,0.0185,2.36,0
2024-02-29,横幅,侧边栏,18-24岁,693,9,0,21.04,0.0137,2.34,0
2024-02-29,原生,侧边栏,35-44岁,1023,21,0,42.67,0.0209,2.03,0
2024-02-29,原生,信息流,25-34岁,1059,23,0,59.05,0.0219,2.57,0
2024-02-29,视频,信息流,18-24岁,814,27,0,76.32,0.034,2.83,0
2024-02-29,图片,底部,25-34岁,1072,17,0,43.52,0.0165,2.56,0
2024-02-29,原生,首页,45-54岁,901,25,0,71.29,0.028,2.85,0
2024-02-29,信息流,首页,18-24岁,1373,45,0,96.6,0.0329,2.15,0
2024-02-29,原生,信息流,55岁以上,746,18,0,39.55,0.025,2.2,0
2024-02-29,信息流,底部,55岁以上,1000,21,0,52.9,0.021,2.52,0
2024-02-29,横幅,首页,55岁以上,505,9,0,18.89,0.0192,2.1,0
2024-02-29,视频,首页,25-34岁,937,34,0,89.26,0.0367,2.63,0
2024-02-29,信息流,侧边栏,25-34岁,1011,21,0,54.85,0.0211,2.61,0
2024-02-29,原生,底部,25-34岁,905,16,0,38.96,0.018,2.43,0
2024-02-29,横幅,底部,18-24岁,716,9,0,18.63,0.0128,2.07,0
2024-02-29,横幅,首页,35-44岁,501,9,0,26.54,0.0196,2.95,0
2024-02-29,信息流,侧边栏,18-24岁,1317,29,0,71.96,0.0227,2.48,0
2024-02-29,视频,侧边栏,55岁以上,868,23,0,50.12,0.0269,2.18,0
2024-02-29,信息流,底部,18-24岁,1028,18,0,42.86,0.0184,2.38,0
2024-02-29,原生,开屏,45-54岁,807,22,0,46.08,0.0284,2.09,0
2024-02-29,横幅,开屏,25-34岁,660,13,0,29.6,0.0205,2.28,0
2024-02-29,信息流,信息流,25-34岁,1237,33,0,95.61,0.0272,2.9,0
